date,fielding.start,fielding.end,pollster,sample,LNP,ALP,GRN,OTH,PUP,KAP,NXT,LNP2PP,ALP2PP,Uncommitted,source,LNP.uncommitted.included,ALP.uncommitted.included,GRN.uncommitted.included,OTH.uncommitted.included,PUP.uncommitted.included,KAP.uncommitted.included,NXT.uncommitted.included
14/9/13,12/9/13,15/9/13,Essential,1071.4,43.618202,36.95893452,9.433962264,9.988901221,,,,51.4,48.6,,,,,,,,,
21/9/13,19/7/13,22/9/13,Essential,1083.5,42.03045685,37.56345178,9.137055838,11.26903553,,,,50.5,49.5,,,,,,,,,
21/9/13,21/9/13,22/9/13,Morgan,2999,43.5,34,10.5,8,4,,,50.5,49.5,0.5,http://www.roymorgan.com/findings/5200-morgan-poll-september-24-2013-201309240354,,,,,,,
28/9/13,26/9/13,29/9/13,Essential,1015.3,43.98699892,35.10292524,8.775731311,12.13434453,,,,52.9,47.1,,,,,,,,,
5/10/13,3/10/13,6/10/13,Essential,1035.1,42.7205101,35.49415515,9.458023379,12.32731137,,,,51.9,48.1,,,,,,,,,
6/10/13,5/10/13,6/10/13,Morgan,3199,42,37,9,7.5,4.5,,,49.5,50.5,1.5,http://www.roymorgan.com/findings/5234-federal-vote-october-8-2013-201310080550,,,,,,,
10/10/13,10/10/13,10/10/13,ReachTEL,3636,45.4,35.3,8.6,4.9,5.7,,,52.1,47.9,,https://www.reachtel.com.au/blog/7-news-national-poll-10october2013,,,,,,,
12/10/13,10/10/13,13/10/13,Essential,1038.4,44.27966102,34.4279661,9.745762712,11.54661017,,,,53.1,46.9,,,,,,,,,
19/10/13,17/10/13,20/10/13,Essential,1012,44.23913043,34.13043478,10.43478261,11.19565217,,,,53,47,,,,,,,,,
20/10/13,19/10/13,20/10/13,Morgan,3280,43.5,34.5,10,7.5,4.5,,,51.5,48.5,2.5,http://www.roymorgan.com/findings/5254-morgan-poll-federal-voting-intention-october-21-2013-201310210405,,,,,,,
26/10/13,24/10/13,27/10/13,Essential,1076.9,45.65883555,35.75076609,8.580183861,10.0102145,,,,53.3,46.7,,,,,,,,,
26/10/13,25/10/13,27/10/13,Newspoll,1142,47,31,10,12,,,,56,44,6,Newspoll PDF,,,,,,,
2/11/13,31/10/13,3/11/13,Essential,1089,44.64646465,35.85858586,7.777777778,11.71717172,,,,53.1,46.9,,,,,,,,,
3/11/13,2/11/13,3/11/13,Morgan,2077,41.5,35,10.5,7.5,5.5,,,50,50,0.5,http://www.roymorgan.com/findings/5279-morgan-poll-federal-voting-intention-201311060444,,,,,,,
9/11/13,7/11/13,10/11/13,Essential,1050.5,43.56020942,34.86910995,10.05235602,11.51832461,,,,52.4,47.6,,,,,,,,,
9/11/13,8/11/13,10/11/13,Newspoll,1140,45,32,12,11,,,,53,47,5,Newspoll PDF,,,,,,,
16/11/13,14/11/13,17/11/13,Essential,1037.3,44.6447508,35.94909862,8.589607635,10.81654295,,,,52.8,47.2,,,,,,,,,
17/11/13,16/11/13,17/11/13,Morgan,2005,42.5,32.5,11,9,5,,,51,49,1,http://www.roymorgan.com/findings/5306-morgan-poll-federal-voting-intention-november-18-2013-201311180454,,,,,,,
21/11/13,21/11/13,21/11/13,ReachTEL,3971,43.8,34.2,9.8,6.7,6.6,,,51,49,,https://www.reachtel.com.au/blog/7-news-national-poll-21november2013,,,,,,,
22/11/13,21/11/13,24/11/13,Nielsen,1400,41,37,11,11,,,,48,52,,,,,,,,,
23/11/13,21/11/13,24/11/13,Essential,1013.1,44.51682953,35.83061889,8.903365907,10.74918567,,,,51.7,48.3,,,,,,,,,
23/11/13,22/11/13,24/11/13,Newspoll,1133,43,35,10,12,,,,52,48,6,Newspoll PDF,,,,,,,
30/11/13,28/11/13,1/12/13,Essential,1065.9,43.78563284,36.83010262,7.63968073,11.74458381,,,,51.3,48.7,,,,,,,,,
1/12/13,30/11/13,1/12/13,Morgan,2018,41.5,38.5,8.5,8,3.5,,,48.5,51.5,1,http://www.roymorgan.com/findings/5329-federal-voting-intention-december-2-2013-201312020313,,,,,,,
7/12/13,5/12/13,8/12/13,Essential,1086.8,44.02834008,36.94331984,7.995951417,11.03238866,,,,51.3,48.7,,,,,,,,,
7/12/13,6/12/13,8/12/13,Newspoll,1149,40,38,9,13,,,,48,52,6,Newspoll PDF,,,,,,,
8/12/13,7/12/13,15/12/13,Morgan,2879,40.5,38.5,10,7.5,3.5,,,47.5,52.5,1,http://www.roymorgan.com/findings/5353-federal-voting-intention-december-16-2013-201312160613,,,,,,,
14/12/13,12/12/13,15/12/13,Essential,1069.2,43.51851852,37.75720165,6.790123457,11.93415638,,,,51,49,,,,,,,,,
15/12/13,15/12/13,15/12/13,ReachTEL,3544,41.4,40.4,8.7,9.5,5.1,,,48,52,,https://www.reachtel.com.au/blog/7-news-national-poll-15december2013,,,,,,,
5/1/14,4/1/14,12/1/14,Morgan,2527,39,38,10.5,9,3.5,,,47,53,1.5,http://www.roymorgan.com/findings/5371-federal-voting-intention-january-13-2014-201401130606,,,,,,,
12/1/14,10/1/14,13/1/14,Essential,1161.6,44.72049689,37.57763975,8.074534161,9.627329193,,,,51.2,48.8,,,,,,,,,
19/1/14,17/1/14,20/1/14,Essential,1062.6,41.56626506,36.44578313,9.036144578,12.95180723,,,,50,50,,,,,,,,,
19/1/14,18/1/14,26/1/14,Morgan,3019,39.5,37,11.5,9,3,,,47.5,52.5,2,https://www.roymorgan.com/findings/5399-morgan-poll-federal-voting-intention-january-28-2014-201401280432,,,,,,,
23/1/14,23/1/14,23/1/14,ReachTEL,3547,39.8,40.6,9.1,5.9,4.6,,,47,53,,https://www.reachtel.com.au/blog/7-news-national-poll-23january2014,,,,,,,
26/1/14,24/1/14,27/1/14,Essential,1030.7,43.22305229,36.17929562,8.858057631,11.73959445,,,,51,49,,,,,,,,,
2/2/14,31/1/14,3/2/14,Essential,1042.8,42.82700422,39.76793249,8.122362869,9.282700422,,,,49.2,50.8,,,,,,,,,
2/2/14,1/2/14,9/2/14,Morgan,2709,40.5,37,10.5,7.5,4.5,,,51,52,2,http://www.roymorgan.com/findings/5426-morgan-poll-february-11-2014-201402110243,,,,,,,
8/2/14,7/2/14,9/2/14,Newspoll,1152,41,35,12,12,,,,49,51,8,Newspoll PDF,,,,,,,
9/2/14,7/2/14,10/2/14,Essential,1015.3,42.68689057,38.67822319,7.258938245,11.375948,,,,50,50,,,,,,,,,
14/2/14,13/2/14,15/2/14,Nielsen,1400,44,33,12,11,,,,51,49,,Nielsen PDF,,,,,,,
16/2/14,14/2/14,17/2/14,Essential,1009.8,39.54248366,40.74074074,8.169934641,11.54684096,,,,47.1,52.9,,,,,,,,,
16/2/14,15/2/14,23/2/14,Morgan,3000,41,35.5,10.5,8.5,4.5,,,49.5,50.5,1.5,http://www.roymorgan.com/findings/5449-morgan-poll-february-24-2014-201402240425,,,,,,,
22/2/14,21/2/14,23/2/14,Newspoll,1150,39,39,10,12,,,,46,54,7,Newspoll PDF,,,,,,,
23/2/14,21/2/14,24/2/14,Essential,1021.9,43.70290635,37.24434876,8.934337998,10.11840689,,,,50.7,49.3,,,,,,,,,
27/2/14,27/2/14,27/2/14,ReachTEL,3666,40.3,39.2,10.5,5.6,4.4,,,49.5,50.5,,https://www.reachtel.com.au/blog/7-news-national-poll-27march2014,,,,,,,
2/3/14,28/2/14,3/3/14,Essential,1004.3,43.483023,38.11610077,7.776560789,10.62431544,,,,50.4,49.6,,,,,,,,,
2/3/14,1/3/14,9/3/14,Morgan,2903,39.5,37,12,7.5,4,,,46.5,53.5,2,http://www.roymorgan.com/findings/5477-morgan-poll-march-11-2014-201403110445,,,,,,,
8/3/14,7/3/14,9/3/14,Newspoll,1136,41,35,11,13,,,,49,51,7,Newspoll PDF,,,,,,,
9/3/14,7/3/14,10/3/14,Essential,1041.7,41.18268215,37.59239704,8.764519535,12.46040127,,,,49.3,50.7,,,,,,,,,
14/3/14,13/3/14,15/3/14,Nielsen,1400,44,35,12,9,,,,49,51,,Nielsen PDF,,,,,,,
16/3/14,14/3/14,17/3/14,Essential,1061.5,45.59585492,34.50777202,8.601036269,11.29533679,,,,53.1,46.9,,,,,,,,,
16/3/14,15/3/14,23/3/14,Morgan,2909,38,38.5,11,8,4.5,,,45.5,54.5,2,http://www.roymorgan.com/findings/5504-morgan-poll-federal-voting-intention-march-24-2014-201403240556,,,,,,,
22/3/14,21/3/14,23/3/14,Newspoll,1149,40,36,13,11,,,,48,52,6,Newspoll PDF,,,,,,,
23/3/14,21/3/14,24/3/14,Essential,998.8,42.40088106,39.0969163,8.810572687,9.691629956,,,,49,51,,,,,,,,,
27/3/14,27/3/14,27/3/14,ReachTEL,3390,40.7,39.2,9.4,6.2,4.4,,,48,52,,https://www.reachtel.com.au/blog/7-news-national-poll-27march2014,,,,,,,
29/3/14,28/3/14,29/3/14,Galaxy,998,43,37,10,10,,,,50,50,,,,,,,,,
30/3/14,28/3/14,31/3/14,Essential,1053.8,41.60583942,39.62460897,9.071949948,9.697601668,,,,48.3,51.7,,,,,,,,,
30/3/14,29/3/14,6/4/14,Morgan,2869,38.5,34.5,12,10,5,,,48.5,51.5,1.5,http://www.roymorgan.com/findings/5526-morgan-poll-federal-voting-intention-april-7-2014-201404070713,,,,,,,
5/4/14,4/4/14,6/4/14,Newspoll,1131,43,34,11,12,,,,51,49,8,Newspoll PDF,,,,,,,
6/4/14,4/4/14,7/4/14,Essential,1054.9,42.544317,37.22627737,8.967674661,11.26173097,,,,50,50,,,,,,,,,
11/4/14,10/4/14,12/4/14,Nielsen,1400,40,34,17,9,,,,45.5,54.5,,Nielsen PDF,,,,,,,
13/4/14,11/4/14,14/4/14,Essential,1020.8,42.24137931,36.09913793,10.56034483,11.09913793,,,,50,50,,,,,,,,,
13/4/14,12/4/14,20/4/14,Morgan,2955,38.5,34,13,9.5,5,,,48,52,1.5,http://www.roymorgan.com/findings/5547-federal-voting-intention-april-22-2014-201404220518,,,,,,,
16/4/14,16/4/14,16/4/14,ReachTEL,3580,40,37.4,11.5,11.1,,,,48,52,,???,,,,,,,
20/4/14,18/4/14,21/4/14,Essential,1005.4,39.71553611,37.5273523,10.83150985,11.92560175,,,,47.9,52.1,,,,,,,,,
27/4/14,25/4/14,28/4/14,Essential,1161.6,40.3,38.4,9.4,11.9,,,,47.9,52.1,,,,,,,,,
27/4/14,26/4/14,4/5/14,Morgan,3077,37.5,37,12,8,5.5,,,45,55,2.5,http://www.roymorgan.com/findings/5566-morgan-poll-may-5-2014-201405050509,,,,,,,
1/5/14,30/4/14,1/5/14,Galaxy MM,1391,39,37,11,13,,,,48,52,,,,,,,,,
3/5/14,2/5/14,4/5/14,Newspoll,1143,38,34,14,14,,,,47,53,7,Newspoll PDF,,,,,,,
3/5/14,3/5/14,3/5/14,ReachTEL,4016,38.9,39.6,11.2,4.3,6,,,46,54,,https://www.reachtel.com.au/blog/7-news-national-poll-3may2014,,,,,,,
4/5/14,2/5/14,5/5/14,Essential,1062.6,40.2,37.2,9.6,13,,,,48.8,51.2,,,,,,,,,
8/5/14,8/5/14,8/5/14,ReachTEL,3241,37.8,39.8,10.5,4.8,7,,,46,54,,https://www.reachtel.com.au/blog/fairfax-national-poll-8may2014,,,,,,,
11/5/14,9/5/14,12/5/14,Essential,1008.7,40.7,40.5,7.4,11.4,,,,48,52,,,,,,,,,
15/5/14,14/5/14,16/5/14,Galaxy MM,1399,38,38,10,14,,,,47,53,,,,,,,,,
16/5/14,15/5/14,17/5/14,Nielsen,1400,35,40,14,11,,,,42,58,4,Nielsen PDFs,,,,,,,
17/5/14,16/5/14,18/5/14,Newspoll,1157,36,38,11,15,,,,44,56,7,Newspoll PDF,,,,,,,
18/5/14,16/5/14,19/5/14,Essential,1005.4,40.1,39.9,8.2,11.8,,,,48,52,,,,,,,,,
18/5/14,17/5/14,18/5/14,Morgan,2284,35,38.5,12,8,6.5,,,42.5,57.5,1,http://www.roymorgan.com/findings/5591-morgan-poll-federal-voting-intention-may-19-2014-201405190655,,,,,,,
25/5/14,23/5/14,26/5/14,Essential,1052.7,40,39,10,11,,,,48,52,,,,,,,,,
25/5/14,24/5/14,1/6/14,Morgan,3247,35,38,11,8.5,7.5,,,43.5,56.5,2,http://www.roymorgan.com/findings/5616-morgan-poll-on-federal-voting-intention-june-2-2014-201406020542,,,,,,,
31/5/14,30/5/14,1/6/14,Newspoll,1158,36,37,12,15,,,,46,54,7,Newspoll PDF,,,,,,,
1/6/14,30/5/14,2/6/14,Essential,1076.9,36,39,9,16,,,,46,54,,,,,,,,,
6/6/14,3/6/14,5/6/14,Morgan (phone),560,38.5,36,12.5,9.50,3.5,,,46.5,53.5,2,http://www.roymorgan.com/findings/5626-better-pm-abbott-shorten-june-2014-201406060446,,,,,,,
8/6/14,6/6/14,9/6/14,Essential,1030.7,39,41,9,11,,,,46,54,,,,,,,,,
8/6/14,7/6/14,8/6/14,Morgan,1534,33,42,12,8,5,,,39.5,60.5,4,http://www.roymorgan.com/findings/5635-morgan-poll-federal-voting-intention-june-16-2014-201406160825,,,,,,,
16/6/14,14/6/14,15/6/14,Morgan,1534,38,36.5,12,8,5.5,,,44.5,55.5,1.5,http://www.roymorgan.com/findings/5635-morgan-poll-federal-voting-intention-june-16-2014-201406160825,,,,,,,
14/6/14,13/6/14,15/6/14,Newspoll,1155,37,36,10,17,,,,47,53,6,Newspoll PDF,,,,,,,
15/6/14,13/6/14,16/6/14,Essential,980.1,39,41,9,11,,,,47,53,,,,,,,,,
20/6/14,19/6/14,21/6/14,Nielsen,1400,39,37,13,11,,,,45.5,54.5,6,Nielsen PDFs,,,,,,,
22/6/14,20/6/14,23/6/14,Essential,1018.6,41,35,10,14,,,,50,50,,,,,,,,,
22/6/14,21/6/14,29/6/14,Morgan,2797,35,36.5,12,9.5,7,,,42.5,57.5,2.5,http://www.roymorgan.com/findings/5659-federal-voting-intention-june-30-2014-201406300634,,,,,,,
26/6/14,26/6/14,26/6/14,ReachTEL,3376,39.6,38.7,10.3,4.7,6.8,,,47,53,,https://www.reachtel.com.au/blog/7-news-national-poll-26june2014,,,,,,,
28/6/14,27/6/14,29/6/14,Newspoll,1161,35,37,13,15,,,,45,55,7,Newspoll PDF,,,,,,,
29/6/14,27/6/14,30/6/14,Essential,999.9,38,40,9,13,,,,46,54,,,,,,,,,
6/7/14,4/7/14,7/7/14,Essential,984.5,40,40,9,11,,,,47,53,,,,,,,,,
6/7/14,5/7/14,13/7/14,Morgan,3955,34,38.5,11.5,8.5,7.5,,,43.5,56.5,2,http://www.roymorgan.com/findings/5683-morgan-poll-federal-voting-intention-july-14-2014-201407140605,,,,,,,
12/7/14,11/7/14,13/7/14,Newspoll,1159,36,37,11,16,,,,46,54,7,Newspoll PDF,,,,,,,
13/7/14,11/7/14,14/7/14,Essential,1015.3,37,40,8,15,,,,46,54,,,,,,,,,
18/7/14,17/7/14,19/7/14,Nielsen,1400,39,40,12,9,,,,44,56,6,Nielsen PDFs,,,,,,,
20/7/14,18/7/14,21/7/14,Essential,1146.2,40,37,9,14,,,,49,51,,,,,,,,,
20/7/14,19/6/14,27/7/14,Morgan,3296,38,39,10.5,7.5,5,,,45.5,54.5,2,http://www.roymorgan.com/findings/5707-morgan-poll-federal-voting-intention-july-28-2014-201407280638,,,,,,,
21/7/14,21/7/14,21/7/14,ReachTEL,3431,40.4,37.2,10.3,3.9,8.2,,,48,52,,https://www.reachtel.com.au/blog/7-news-national-poll-21july2014,,,,,,,
24/7/14,23/7/14,25/7/14,Galaxy MM,1400,39,37,11,13,,,,48,52,,,,,,,,,
26/7/14,25/7/14,27/7/14,Newspoll,1157,36,36,12,16,,,,46,54,6,Newspoll PDF,,,,,,,
27/7/14,25/7/14,28/7/14,Essential,1034,41,39,8,12,,,,49,51,,,,,,,,,
3/8/14,1/8/14,4/8/14,Essential,1026.3,41,38,9,12,,,,49,51,,,,,,,,,
3/8/14,2/8/14,10/8/14,Morgan,3207,37.5,38,11,8,5.5,,,44,56,2,http://www.roymorgan.com/findings/5729-morgan-poll-federal-voting-intention-august-11-2014-201408110707,,,,,,,
9/8/14,8/8/14,10/8/14,Newspoll,1162,40,34,13,13,,,,48,52,7,Newspoll PDF,,,,,,,
10/8/14,8/8/14,11/8/14,Essential,1003.2,41,40,8,11,,,,48,52,,,,,,,,,
17/8/14,15/8/14,18/8/14,Essential,1018.6,39,37,10,14,,,,48,52,,,,,,,,,
21/8/14,21/8/14,21/8/14,ReachTEL,3555,41.1,37.3,9.8,4.9,4.7,,,49,51,,https://www.reachtel.com.au/blog/7-news-national-poll-21august2014,,,,,,,
23/8/14,22/8/14,24/8/14,Newspoll,1170,40,34,11,15,,,,49,51,6,Newspoll PDF,,,,,,,
24/8/14,22/8/14,25/8/14,Essential,986.7,40,38,9,13,,,,48,52,,,,,,,,,
24/8/14,16/8/14,24/8/14,Morgan,2691,37.5,38.5,10.5,9,4.5,,,44.5,55.5,2.5,http://www.roymorgan.com/findings/5751-morgan-poll-federal-voting-intention-august-25-2014-201408250538,,,,,,,
31/8/14,29/8/14,1/9/14,Essential,995.5,40,38,9,13,,,,48,52,,,,,,,,,
31/8/14,30/8/14,7/9/14,Morgan,3089,38,37,10.5,10,4.5,,,46,54,2,http://www.roymorgan.com/findings/5781-morgan-poll-federal-voting-intention-september-8-2014-201409080626,,,,,,,
6/9/14,5/9/14,7/9/14,Newspoll,1158,39,35,14,12,,,,48,52,9,Newspoll PDF,,,,,,,
7/9/14,5/9/14,8/9/14,Essential,957,38,38,11,13,,,,47,53,,,,,,,,,
14/9/14,12/9/14,15/9/14,Essential,952.6,39,38,11,12,,,,47,53,,,,,,,,,
14/9/14,13/9/14,21/9/14,Morgan,2922,38.5,37.5,12,8,4,,,45.5,54.5,2.5,http://www.roymorgan.com/findings/5824-morgan-poll-federal-voting-intention-september-22-2014-201409220753,,,,,,,
18/9/14,18/9/14,18/9/14,ReachTEL,3470,41.6,37.4,10.5,5.2,5.3,,,49,51,,https://www.reachtel.com.au/blog/7-news-national-poll-18september2014,,,,,,,
20/9/14,19/9/14,21/9/14,Newspoll,1152,41,34,11,14,,,,49,51,6,Newspoll PDF,,,,,,,
21/9/14,19/9/14,22/9/14,Essential,979,40,39,9,12,,,,48,52,,,,,,,,,
28/9/14,26/9/14,29/9/14,Essential,996.6,40,38,11,11,,,,48,52,,,,,,,,,
28/9/14,27/9/14,5/10/14,Morgan,3151,40,35,12,9.5,3.5,,,47,53,2,http://www.roymorgan.com/findings/5855-morgan-poll-federal-voting-intention-october-6-2014-201410060611,,,,,,,
1/10/14,4/10/14,5/10/14,Galaxy MM,1196,42,36,12,10,,,,49,51,,,,,,,,,
5/10/14,3/10/14,6/10/14,Essential,979,41,39,9,11,,,,48,52,,,,,,,,,
12/10/14,10/10/14,13/10/14,Essential,1006.5,41,39,10,10,,,,48,52,,,,,,,,,
12/10/14,11/10/14,19/10/14,Morgan,3131,39.5,35.5,12,9.5,3.5,,,48,52,2,http://www.roymorgan.com/findings/5881-morgan-poll-federal-voting-intention-october-20-2014-201410200517,,,,,,,
18/10/14,17/10/14,19/10/14,Newspoll,1161,38,34,14,14,,,,47,53,7,Newspoll PDF,,,,,,,
19/10/14,17/10/14,20/10/14,Essential,974.6,38,40,10,12,,,,47,53,,,,,,,,,
23/10/14,23/10/14,23/10/14,ReachTEL,3594,40.1,37.5,11.5,5.8,5.1,,,48,52,,https://www.reachtel.com.au/blog/7-news-national-poll-23october2014,,,,,,,
26/10/14,24/10/14,27/10/14,Essential,974.6,40,39,9,12,,,,48,52,,,,,,,,,
26/10/14,25/10/14,2/11/14,Morgan,3117,38.5,37.5,12.5,8.5,3,,,45.5,54.5,2.5,http://www.roymorgan.com/findings/5905-morgan-poll-federal-voting-intention-november-3-2014-201411030525,,,,,,,
1/11/14,30/10/14,1/11/14,Ipsos,1401,42,37,12,9,,,,49,51,,,,,,,,,
1/11/14,31/10/14,2/11/14,Newspoll,1175,38,36,13,13,,,,46,54,7,Newspoll PDF,,,,,,,
2/11/14,31/10/14,3/11/14,Essential,979,40,37,10,13,,,,49,51,,,,,,,,,
9/11/14,7/11/14,10/11/14,Essential,985.6,39,39,10,12,,,,47,53,,,,,,,,,
9/11/14,8/11/14,16/11/14,Morgan,3140,38,38.5,12,9,2.5,,,46,54,2.5,http://www.roymorgan.com/findings/5935-morgan-poll-federal-voting-intention-november-17-2014-201411170449,,,,,,,
15/11/14,14/11/14,16/11/14,Newspoll,1166,36,39,11,14,,,,45,55,8,Newspoll PDF,,,,,,,
16/11/14,14/11/14,17/11/14,Essential,959.2,41,38,10,11,,,,48,52,,,,,,,,,
20/11/14,20/11/14,20/11/14,ReachTEL,3617,40.3,38.6,11.1,6.8,3.1,,,47,53,,https://www.reachtel.com.au/blog/7-news-national-poll-20november2014,,,,,,,
23/11/14,21/11/14,24/11/14,Essential,960.3,40,40,10,10,,,,47,53,,,,,,,,,
23/11/14,22/11/14,30/11/14,Morgan,2883,39,37.5,12,9.5,2,,,46.5,53.5,2,http://www.roymorgan.com/findings/5963-morgan-poll-federal-voting-intention-december-1-2014-201412010821,,,,,,,
29/11/14,28/11/14,30/11/14,Newspoll,1164,37,37,13,13,,,,46,54,7,Newspoll PDF,,,,,,,
30/11/14,28/11/14,1/12/14,Essential,976.8,39,40,9,12,,,,47,53,,,,,,,,,
3/12/14,2/12/14,4/12/14,Galaxy MM,1406,38,41,11,10,,,,45,55,,,,,,,,,
5/12/14,4/12/14,4/12/14,Ipsos,1401,40,37,12,11,,,,48,52,,,,,,,,,
7/12/14,5/12/14,8/12/14,Essential,979,39,38,11,12,,,,47,53,,,,,,,,,
7/12/14,6/12/14,14/12/14,Morgan,3007,35,41,11.5,10.5,2,,,42.5,57.5,2.5,http://www.roymorgan.com/findings/5981-morgan-poll-federal-voting-intention-december-15-2014-201412150657,,,,,,,
13/12/14,12/12/14,14/12/14,Newspoll,1155,38,39,12,11,,,,46,54,7,Newspoll PDF,,,,,,,
14/12/14,12/12/14,15/12/14,Essential,992.2,40,38,10,12,,,,48,52,,,,,,,,,
4/1/15,3/1/15,11/1/15,Morgan,2622,38.5,38.5,9.5,11.5,2,,,45.5,54.5,3,http://www.roymorgan.com/findings/6012-morgan-poll-federal-voting-intention-january-12-2015-201501120525,,,,,,,
11/1/15,9/1/15,12/1/15,Essential,982.3,38,40,10,12,,,,46,54,,,,,,,,,
18/1/15,16/1/15,19/1/15,Essential,965.8,41,40,9,10,,,,48,52,,,,,,,,,
25/1/15,23/1/15,26/1/15,Essential,985.6,37,43,9,11,,,,45,55,,,,,,,,,
27/1/15,27/1/15,27/1/15,ReachTEL,3690,39.7,40.2,11.3,5.9,2.9,,,46,54,,https://www.reachtel.com.au/blog/7-news-national-poll-27january2015,,,,,,,
29/1/15,28/1/15,30/1/15,Galaxy MM,1452,36,43,11,10,,,,43,57,,,,,,,,,
30/1/15,29/1/15,31/1/15,Ipsos,1405,38,40,11,11,,,,46,54,,,,,,,,,
1/2/15,30/1/15,2/2/15,Essential,993.3,39,40,9,12,,,,47,53,,,,,,,,,
27/1/15,23/1/15,27/1/15,Morgan,2057,37.5,39.5,12,8,3,,,43.5,56.5,2.5,http://www.roymorgan.com/findings/6043-morgan-poll-federal-voting-intention-january-28-2015-201501280418,,,,,,,
1/2/15,31/1/15,8/2/15,Morgan,2939,35.5,41.5,12,9,2,,,42.5,57.5,2,http://www.roymorgan.com/findings/6061-morgan-poll-federal-voting-intention-february-9-2015-201502090645,,,,,,,
5/2/15,4/2/15,5/2/15,Galaxy MM,1466,36,43,11,10,,,,43,57,,,,,,,,,
5/2/15,5/2/15,5/2/15,ReachTEL,3502,38.4,41.4,11.2,6.2,2.7,,,45,55,,https://www.reachtel.com.au/blog/7-news-national-poll-5february2015,,,,,,,
7/2/15,6/2/15,8/2/15,Newspoll,1178,35,41,12,12,,,,43,57,6,Newspoll PDF,,,,,,,
8/2/15,6/2/15,9/2/15,Essential,964.7,39,41,10,10,,,,46,54,,,,,,,,,
15/2/15,13/2/15,16/2/15,Essential,1010.9,39,40,10,11,,,,47,53,,,,,,,,,
15/2/15,14/2/15,22/2/15,Morgan,2639,37.5,40.5,10,10,2,,,44,56,2.5,http://www.roymorgan.com/findings/6085-morgan-poll-federal-voting-intention-february-24-2015-201502240630,,,,,,,
21/2/15,20/2/15,22/2/15,Newspoll,1180,38,38,12,12,,,,47,53,6,Newspoll PDF,,,,,,,
22/2/15,20/2/15,23/2/15,Essential,1008.7,41,41,8,10,,,,48,52,,,,,,,,,
27/2/15,26/2/15,28/2/15,Ipsos,1406,42,36,12,10,,,,49,51,,,,,,,,,
1/3/15,27/2/15,2/3/15,Essential,993.3,38,41,10,11,,,,45,55,,,,,,,,,
1/3/15,28/2/15,8/3/15,Morgan,3182,39,38,11.5,9.5,2,,,46.5,53.5,2.5,http://www.roymorgan.com/findings/6111-morgan-poll-federal-voting-intention-march-10-2015-201503100615,,,,,,,
7/3/15,6/3/15,8/3/15,Newspoll,1161,38,39,12,11,,,,45,55,8,Newspoll PDF,,,,,,,
8/3/15,6/3/15,9/3/15,Essential,983.4,41,39,9,11,,,,49,51,,,,,,,,,
15/3/15,13/3/15,16/3/15,Essential,982.3,40,40,10,10,,,,47,53,,,,,,,,,
15/3/15,14/3/15,22/3/15,Morgan,3146,38,40,11,9.5,1.5,,,44,56,2,http://www.roymorgan.com/findings/6138-morgan-poll-federal-voting-intention-march-23-2015-201503230703,,,,,,,
21/3/15,20/3/15,22/3/15,Newspoll,1148,41,37,11,11,,,,49,51,9,Newspoll PDF,,,,,,,
22/3/15,20/3/15,23/3/15,Essential,977.9,39,41,10,10,,,,46,54,,,,,,,,,
29/3/15,27/3/15,30/3/15,Essential,986.7,40,39,10,11,,,,48,52,,,,,,,,,
29/3/15,28/3/15,6/4/15,Morgan,3063,40.5,36,12.5,8,1.5,1.5,,47,53,2,http://www.roymorgan.com/findings/6165-morgan-poll-federal-voting-intention-april-7-2015-201504070630,,,,,,,
29/3/15,29/3/15,29/3/15,ReachTEL,2417,39.6,40.5,11.5,6.3,2.2,,,46,54,,https://www.reachtel.com.au/blog/7-news-national-poll-29march2015,,,,,,,
5/4/15,3/4/15,6/4/15,Essential,986.7,40,39,10,11,,,,47,53,,,,,,,,,
10/4/15,9/4/15,11/4/15,Ipsos,1404,39,38,13,10,,,,46,54,,,,,,,,,
11/4/15,10/4/15,12/4/15,Newspoll,1172,41,36,11,12,,,,49,51,6,Newspoll PDF,,,,,,,
12/4/15,10/4/15,13/4/15,Essential,987.8,41,39,10,10,,,,47,53,,,,,,,,,
12/4/15,11/4/15,19/4/15,Morgan,3314,38.5,38,12,9,1,1.5,,47,53,2,http://www.roymorgan.com/findings/6185-morgan-poll-federal-voting-intention-april-20-2015-201504200648,,,,,,,
19/4/15,17/4/15,20/4/15,Essential,981.2,40,38,12,10,,,,47,53,,,,,,,,,
23/4/15,23/4/15,23/4/15,ReachTEL,2532,39.8,39.3,11.9,6.8,2.2,,,46,54,,https://www.reachtel.com.au/blog/7-news-national-poll-23april2015,,,,,,,
26/4/15,24/4/15,27/4/15,Essential,991.1,40,40,9,11,,,,47,53,,,,,,,,,
26/4/15,25/4/15,3/5/15,Morgan,3035,40,37.5,11.5,8.5,1.5,1,,46.5,53.5,2,http://www.roymorgan.com/findings/6222-morgan-poll-federal-voting-intention-may-4-2015-201505040600,,,,,,,
2/5/15,1/5/15,3/5/15,Newspoll,1172,39,35,12,14,,,,48,52,7,Newspoll PDF,,,,,,,
3/5/15,1/5/15,4/5/15,Essential,960.3,41,38,11,10,,,,48,52,,,,,,,,,
10/5/15,8/5/15,11/5/15,Essential,990,41,40,10,9,,,,47,53,,,,,,,,,
13/5/15,13/5/15,13/5/15,ReachTEL,3180,41.1,38.3,12.1,6.4,2.2,,,47,53,,https://www.reachtel.com.au/blog/7-news-national-poll-13may2015,,,,,,,
14/5/15,12/5/15,13/5/15,Galaxy MM,1683,41,39,11,9,,,,47,53,,,,,,,,,
15/5/15,14/5/15,16/5/15,Ipsos,1403,43,35,13,9,,,,50,50,,,,,,,,,
16/5/15,14/5/15,17/5/15,Newspoll,1206,40,37,12,11,,,,47,53,6,Newspoll PDF,,,,,,,
17/5/15,15/5/15,18/5/15,Essential,954.8,41,39,11,9,,,,48,52,,,,,,,,,
17/5/15,16/5/15,17/5/15,Morgan,2439,41.5,35.5,12.5,7.5,1.5,1.5,,49,51,1,http://www.roymorgan.com/findings/6239-morgan-poll-federal-voting-intention-may-18-2015-201505180638,,,,,,,
24/5/15,22/5/15,25/5/15,Essential,1002.1,41,39,10,10,,,,48,52,,,,,,,,,
24/5/15,23/5/15,31/5/15,Morgan,3140,41,37,13,6.5,1,1.5,,47,53,1.5,http://www.roymorgan.com/findings/6265-morgan-poll-federal-voting-intention-june-1-2015-201506010603,,,,,,,
30/5/15,28/5/15,31/5/15,Newspoll,1169,41,37,13,9,,,,48,52,6,Newspoll PDF,,,,,,,
31/5/15,29/5/15,1/6/15,Essential,1001,41,40,9,10,,,,48,52,,,,,,,,,
7/6/15,5/6/15,8/6/15,Essential,995.5,41,40,10,9,,,,47,53,,,,,,,,,
7/6/15,6/6/15,14/6/15,Morgan,3297,37.5,37.5,13.5,9,1.5,1,,45.5,54.5,2.5,http://www.roymorgan.com/findings/6292-morgan-poll-federal-voting-intention-june-15-2015-201506150528,,,,,,,
12/6/15,11/6/15,14/6/16,Ipsos,1401,40,37,14,9,,,,47,53,,,,,,,,,
13/6/15,10/6/15,14/6/15,Newspoll,1170,40,34,14,12,,,,49,51,6,Newspoll PDF,,,,,,,
14/6/15,12/6/15,15/6/15,Essential,980.1,43,38,10,9,,,,49,51,,,,,,,,,
21/6/15,19/6/15,22/6/15,Essential,1014.2,40,40,11,9,,,,47,53,,,,,,,,,
21/6/15,20/6/15,28/6/15,Morgan,3282,39,36,14,8.5,1.5,1,,46.5,53.5,2,http://www.roymorgan.com/findings/6319-morgan-poll-federal-voting-intention-june-29-2015-201506290456,,,,,,,
25/6/15,25/6/15,25/6/15,ReachTEL,2907,41.9,37,13.1,6.7,1.3,,,48,52,,https://www.reachtel.com.au/blog/7-news-national-poll-25june2015,,,,,,,
28/6/15,26/6/15,29/6/15,Essential,983.4,41,39,11,9,,,,48,52,,,,,,,,,
3/7/15,2/7/15,4/7/15,Ipsos,1402,39,35,16,10,,,,47,53,,,,,,,,,
4/7/15,4/7/15,5/7/15,Newspoll/Galaxy,1631,40,37,13,10,,,,47,53,,,,,,,,,
5/7/15,3/7/15,6/7/15,Essential,970.2,40,39,10,11,,,,48,52,,,,,,,,,
5/7/15,4/7/15,12/7/15,Morgan,3110,41.5,34.5,13.5,8,1,1.5,,49,51,3,http://www.roymorgan.com/findings/6336-morgan-poll-federal-voting-intention-july-13-2015-201507130601,,,,,,,
12/7/15,10/7/15,13/7/15,Essential,972.4,41,37,11,11,,,,48,52,,,,,,,,,
18/7/15,16/7/15,19/7/15,Newspoll/Galaxy,1638,40,39,12,9,,,,47,53,,,,,,,,,
19/7/15,17/7/15,20/7/15,Essential,995.5,40,39,10,11,,,,48,52,,,,,,,,,
19/7/15,18/7/15,26/7/15,Morgan,3316,39,35.5,15,8,1,1.5,,46,54,3,http://www.roymorgan.com/findings/6365-morgan-poll-federal-voting-intention-july-27-2015-201507270533,,,,,,,
26/7/15,24/7/15,27/7/15,Essential,976.8,39,37,13,11,,,,47,53,,,,,,,,,
30/7/15,30/7/15,30/7/15,ReachTEL,3148,40.6,38,12.9,7.2,1.4,,,47,53,,https://www.reachtel.com.au/blog/7-news-national-poll-30july2015,,,,,,,
2/8/15,31/7/15,3/8/15,Essential,1075.8,40,39,11,10,,,,47,53,,,,,,,,,
2/8/15,1/8/15,9/8/15,Morgan,2930,36.5,37,15.5,8.5,1,1.5,,43,57,3,http://www.roymorgan.com/findings/6387-morgan-poll-federal-voting-intention-august-10-2015-201508100947,,,,,,,
6/8/15,6/8/15,6/8/15,ReachTEL,2543,40.2,38.3,12.8,7.3,1.4,,,47,53,,https://www.reachtel.com.au/blog/fairfax-media-national-poll-6august2015,,,,,,,
8/8/15,8/8/15,9/8/15,Newspoll/Galaxy,1727,39,39,13,9,,,,46,54,,,,,,,,,
9/8/15,7/8/15,10/8/15,Essential,953.7,41,39,11,9,,,,47,53,,,,,,,,,
14/8/15,13/8/15,15/8/15,Ipsos,1401,38,36,16,10,,,,46,54,,,,,,,,,
16/8/15,14/8/15,17/8/15,Essential,965.8,41,37,9,13,,,,49,51,,,,,,,,,
16/8/15,15/8/15,23/8/15,Morgan,3174,38.5,36,14,8.5,1.5,1.5,,45.5,54.5,2,http://www.roymorgan.com/findings/6419-morgan-poll-federal-voting-intention-august-24-2015-201508240534,,,,,,,
22/8/15,20/8/15,23/8/15,Newspoll/Galaxy,1706,38,39,13,10,,,,46,54,,,,,,,,,
23/8/15,21/8/15,24/8/15,Essential,993.3,41,38,11,10,,,,48,52,,,,,,,,,
27/8/15,27/8/15,27/8/15,ReachTEL,3264,40.2,37.5,13.4,7.6,1.3,,,47,53,,https://www.reachtel.com.au/blog/7-news-national-poll-27aug2015,,,,,,,
30/8/15,28/8/15,31/8/15,Essential,985.6,40,38,11,11,,,,47,53,,,,,,,,,
30/8/15,29/8/15,6/7/15,Morgan,2653,36.5,35.5,16.5,9,1,1.5,,45,55,2,http://www.roymorgan.com/findings/6446-morgan-poll-federal-voting-intention-september-7-2015-201509070607,,,,,,,
5/9/15,4/9/15,6/9/15,Newspoll/Galaxy,1655,39,39,12,10,,,,46,54,,,,,,,,,
6/9/15,4/9/15,7/9/15,Essential,963.6,40,39,10,11,,,,48,52,,,,,,,,,
13/9/15,11/9/15,14/9/15,Essential,968,40,38,11,11,,,,48,52,,,,,,,,,
13/9/15,12/9/15,13/9/15,Morgan,862,35,36.5,16,10.5,1.5,0.5,,43,57,5,http://www.roymorgan.com/findings/6455-morgan-poll-federal-voting-intention-september-16-2015-201509160428,,,,,,,
15/9/15,15/9/15,15/9/15,ReachTEL,3278,43.3,35.9,11.9,8.1,0.8,,,50,50,,https://www.reachtel.com.au/blog/7-news-national-poll-15september2015,,,,,,,
16/9/15,15/9/15,16/9/15,Galaxy MM,1224,44,36,11,9,,,,51,49,,,,,,,,,
19/9/15,17/9/15,20/9/15,Newspoll/Galaxy,1700,44,35,11,10,,,,51,49,9,Factiva,,,,,,,
20/9/15,18/9/15,21/9/15,Essential,961.4,43,37,11,9,,,,50,50,,,,,,,,,
20/9/15,19/9/15,20/9/15,Morgan,2059,46,29.5,13,8.5,1.5,1.5,,55,45,1.5,http://www.roymorgan.com/findings/6471-morgan-poll-federal-voting-intention-september-21-2015-201509210733,,,,,,,
27/9/15,25/9/15,28/9/15,Essential,983.4,46,32,10,12,,,,54,46,,,,,,,,,
27/9/15,26/9/15,5/10/15,Morgan,3011,47,27.5,14,8.5,1.5,1.5,,56,44,2.5,http://www.roymorgan.com/findings/6491-morgan-poll-federal-voting-intention-october-5-2015-201510050630,,,,,,,
4/10/15,2/10/15,5/10/15,Essential,968,43,37,10,10,,,,50,50,,,,,,,,,
10/10/15,9/10/15,11/10/15,Newspoll/Galaxy,1631,43,35,12,10,,,,50,50,,,,,,,,,
11/10/15,9/10/15,12/10/15,Essential,974.6,44,36,10,10,,,,51,49,,,,,,,,,
11/10/15,10/10/15,18/10/15,Morgan,3052,46.5,27.5,15.5,8.5,0.5,1.5,,56,44,2.5,http://www.roymorgan.com/findings/6509-morgan-poll-federal-voting-intention-october-19-2015-201510190610,,,,,,,
16/10/15,15/10/15,17/10/15,Ipsos,1403,45,30,14,11,,,,53,47,,,,,,,,,
18/10/15,16/10/15,19/10/15,Essential,987.8,44,36,11,9,,,,51,49,,,,,,,,,
22/10/15,22/10/15,22/10/15,ReachTEL,3574,46.7,33,11.3,8.2,0.9,,,53,47,,https://www.reachtel.com.au/blog/7-news-national-poll-22october2015,,,,,,,
24/10/15,22/10/15,25/10/15,Newspoll/Galaxy,1606,45,35,11,9,,,,52,48,6,Factiva,,,,,,,
25/10/15,23/10/15,26/10/15,Essential,983.4,46,34,11,9,,,,53,47,,,,,,,,,
25/10/15,24/10/15,1/11/15,Morgan,3262,47,28.5,14.5,8,1,1,,56.5,43.5,2.5,http://www.roymorgan.com/findings/6536-morgan-poll-federal-voting-intention-november-2-2015-201511020458,,,,,,,
1/11/15,30/10/15,2/11/15,Essential,952.6,45,34,10,11,,,,52,48,,,,,,,,,
7/11/15,5/11/15,8/11/15,Newspoll/Galaxy,1587,46,34,10,10,,,,53,47,6,Factiva,,,,,,,
8/11/15,6/11/15,9/11/15,Essential,941.6,44,36,9,11,,,,51,49,,,,,,,,,
8/11/15,7/11/15,15/11/15,Morgan,3167,46,28,14.5,8.5,1,2,,56,44,2,http://www.roymorgan.com/findings/6559-morgan-poll-federal-voting-intention-november-16-2015-201511160453,,,,,,,
13/11/15,12/11/15,14/11/15,Ipsos,1400,48,29,13,10,,,,56,44,,,,,,,,,
15/11/15,13/11/15,16/11/15,Essential,960.3,45,35,10,10,,,,52,48,,,,,,,,,
21/11/15,19/11/15,22/11/15,Newspoll/Galaxy,1573,46,33,11,10,,,,53,47,,,,,,,,,
22/11/15,20/11/15,23/11/15,Essential,987.8,44,35,11,10,,,,51,49,,,,,,,,,
22/11/15,21/11/15,29/11/15,Morgan,3500,46.5,28.5,14,9,1,1,,56,44,2.5,http://www.roymorgan.com/findings/6579-morgan-poll-federal-voting-intention-november-30-2015-201511300420,,,,,,,
26/11/15,26/11/15,26/11/15,ReachTEL,3144,48.8,31.1,11.2,7.9,1,,,55,45,,https://www.reachtel.com.au/blog/7-news-national-poll-26november2015,,,,,,,
29/11/15,27/11/15,30/11/15,Essential,960.3,44,35,11,10,,,,51,49,,,,,,,,,
5/12/15,3/12/15,5/12/15,Newspoll/Galaxy,1616,45,33,12,10,,,,53,47,7,Factiva,,,,,,,
6/12/15,4/12/15,7/12/15,Essential,972.4,45,36,11,8,,,,51,49,,,,,,,,,
6/12/15,5/12/15,13/12/15,Morgan,3164,48,27,14.5,9,1,1.5,,57.5,42.5,2,http://www.roymorgan.com/findings/6609-morgan-poll-federal-voting-intention-december-15-2015-201512150606,,,,,,,
13/12/15,11/12/15,14/12/15,Essential,968,45,33,10,12,,,,53,47,,,,,,,,,
3/1/16,2/1/16,10/1/16,Morgan,2839,47,29,13,8.5,1,1.5,,56,44,2.5,http://www.roymorgan.com/findings/6629-morgan-poll-federal-voting-intention-january-11-2015-201601110431,,,,,,,
17/1/16,15/1/16,18/1/16,Essential,963.6,44,35,10,11,,,,51,49,,,,,,,,,
17/1/16,16/1/16,24/1/16,Morgan,3245,43.5,28,15,9,0.5,2,2,55,45,2,http://www.roymorgan.com/findings/6649-morgan-poll-federal-voting-january-25-2016-201601250551,,,,,,,
21/1/16,21/1/16,21/1/16,ReachTEL,3116,48.5,31.8,10.8,8.3,0.8,,,55,45,,https://www.reachtel.com.au/blog/7-news-national-poll-21january2016,,,,,,,
24/1/16,22/1/16,25/1/16,Essential,997.7,45,34,11,10,,,,52,48,,,,,,,,,
29/1/16,28/1/16,31/1/16,Newspoll/Galaxy,1837,46,34,11,9,,,,53,47,,,,,,,,,
31/1/16,29/1/16,1/2/16,Essential,994.4,44,36,11,9,,,,51,49,,,,,,,,,
31/1/16,30/1/16,7/2/16,Morgan,3072,43.5,29,16,9.5,0.5,0.5,1,52.5,47.5,2.5,http://www.roymorgan.com/findings/6665-morgan-poll-on-federal-voting-intention-february-9-2016-201602090452,,,,,,,
7/2/16,5/2/16,8/2/16,Essential,950.4,42,34,12,12,,,,51,49,,,,,,,,,
11/2/16,11/2/16,11/2/16,ReachTEL,2946,48.1,32.8,10.1,8.3,0.7,,,46,54,,https://www.reachtel.com.au/blog/7-news-national-poll-11february2016,,,,,,,
12/2/16,11/2/16,13/2/16,Ipsos,1403,44,32,15,9,,,,48,52,,,,,,,,,
14/2/16,12/2/16,15/2/16,Essential,961.8,43,33,11,13,,,,48,52,,,,,,,,,
14/2/16,13/2/16,21/2/16,Morgan,3116,43.5,29.5,15,8.5,1,1,1.5,52.5,47.5,2.5,http://www.roymorgan.com/findings/6691-morgan-poll-federal-voting-intention-february-22-2016-201602220504,,,,,,,
20/2/16,18/2/16,21/2/16,Newspoll/Galaxy,1807,43,35,12,10,,,,50,50,,,,,,,,,
27/2/16,25/2/16,28/2/16,Essential,1017,43,38,10,9,,,,50,50,,,,,,,,,
27/2/16,27/2/16,6/3/16,Morgan,3011,43,29.5,13,8,0.5,1,5,53,47,2.5,http://www.roymorgan.com/findings/6711-morgan-poll-federal-voting-intention-march-7-2016-201603070410,,,,,,,
5/3/16,3/3/16,6/3/16,Newspoll/Galaxy,1815,43,35,12,10,,,,50,50,9,Factiva,,,,,,,
6/3/16,4/3/16,7/3/16,Essential,1001,43,37,10,10,,,,50,50,,,,,,,,,
11/3/16,9/3/16,12/3/16,Essential,1006,42,36,11,11,,,,50,50,,,,,,,,,
11/3/16,10/3/16,12/3/16,Ipsos,1402,45,31,14,10,,,,47,53,,,,,,,,,
13/3/16,12/3/16,20/3/16,Morgan,2948,40,33,14,8,0,1,4,49.5,50.5,3,http://www.roymorgan.com/findings/6723-morgan-poll-federal-voting-intention-march-21-2016-201603210505,,,,,,,
18/3/16,16/3/16,19/3/16,Essential,1003,43,38,10,9,,,,50,50,,,,,,,,,
19/3/16,17/3/16,20/3/16,Newspoll/Galaxy,2049,43,34,12,11,,,,49,51,,,,,,,,,
21/3/16,21/3/16,21/3/16,ReachTEL,3274,46.6,34.4,10.5,8.1,0.5,,,48,52,,https://www.reachtel.com.au/blog/7-news-national-poll-21march2016,,,,,,,
25/3/16,23/3/16,26/3/16,Essential,1020,43,38,9,11,,,,50,50,,,,,,,,,
27/3/16,26/3/16,3/4/16,Morgan,3174,42,31,13,9,0,0.5,4.5,52.5,47.5,2.5,http://www.roymorgan.com/findings/6746-morgan-poll-federal-voting-intention-april-4-2016-201604040745,,,,,,,
1/4/16,30/3/16,2/4/16,Essential,1038,42,37,10,11,,,,50,50,,,,,,,,,
2/4/16,31/3/16,3/4/16,Newspoll/Galaxy,1743,41,36,11,12,,,,49,51,9,Factiva,,,,,,,
8/4/16,6/4/16,9/4/16,Essential,1010,42,35,11,11,,,,50,50,,,,,,,,,
10/4/16,9/4/16,17/4/16,Morgan,3083,40.5,32,14,8.5,0,0.5,4.5,50,50,2.5,http://www.roymorgan.com/findings/6769-morgan-poll-federal-voting-intention-april-18-2016-201604180552,,,,,,,
14/4/16,14/4/16,17/4/16,Newspoll/Galaxy,1628,41,36,11,12,,,,49,51,,,,,,,,,
14/4/16,14/4/16,14/4/16,ReachTEL,2415,43.5,35.8,9.8,7.1,,,3.8,50,50,,https://www.reachtel.com.au/blog/7-news-national-poll-14April2016,,,,,,,
15/4/16,13/4/16,16/4/16,Essential,1000,42,36,11,11,,,,50,50,,,,,,,,,
15/4/16,14/4/16,16/4/16,Ipsos,1402,42,33,14,11,,,,50,50,,,,,,,,,
21/4/16,19/4/16,22/4/16,Essential,1020,40,39,10,11,,,,48,52,,,,,,,,,
24/4/16,23/4/16,1/5/16,Morgan,2951,40,32.5,13.5,9,0,1,4,49,51,3,http://www.roymorgan.com/findings/6791-morgan-poll-federal-voting-intention-may-2-2016-201605020518,,,,,,,
29/4/16,27/4/16,30/4/16,Essential,1020,40,38,10,12,,,,48,52,,,,,,,,,
5/5/16,5/5/16,7/5/16,Galaxy,1270,42,36,11,11,,,,50,50,,,,,,,,,
5/5/16,4/5/16,5/5/16,Morgan,584,,,,,,,,51,49,,???,,,,,,,
5/5/16,5/5/16,5/5/16,ReachTEL,2450,44.2,35.1,9.5,7,,,4.2,50,50,8.5,https://www.reachtel.com.au/blog/7-news-national-poll-5may2016,40.2,33.1,8.6,5.8,,,3.8
6/5/16,5/5/16,7/5/16,Ipsos,1410,44,33,14,9,,,,49,51,,,,,,,,,
6/5/16,5/5/16,8/5/16,Newspoll/Galaxy,1739,41,37,11,11,,,,49,51,7,Factiva,,,,,,,
7/5/16,5/5/16,8/5/16,Essential,1005,42,38,10,10,,,,49,51,,,,,,,,,
7/5/16,6/5/16,8/5/16,Lonergan,1841,42,35,12,11,,,,50,50,,,,,,,,,
14/5/16,12/5/16,15/5/16,Essential,1021,42,38,9,11,,,,49,51,,,,,,,,,
15/5/16,14/5/16,15/5/16,Morgan,2318,36.5,33,15.5,9.5,0,0.5,5,47.5,52.5,3,http://www.roymorgan.com/findings/6808-morgan-poll-federal-voting-intention-may-16-2016-201605160748,,,,,,,
18/5/16,17/5/16,19/5/16,Ipsos,1497,43,34,14,9,,,,51,49,,,,,,,,,
19/5/16,19/5/16,19/5/16,ReachTEL,2407,42.6,36.6,9.9,8.2,,,2.7,50,50,8.6,https://www.reachtel.com.au/blog/7-news-national-poll-19may2016,38.6,34.2,9.8,6.7,,,2.2
21/5/16,19/5/16,22/5/16,Essential,1011,41,37,9,13,,,,49,51,,,,,,,,,
21/5/16,19/5/16,22/5/16,Newspoll/Galaxy,1709,41,36,11,12,,,,49,51,9,Factiva,,,,,,,
22/5/16,21/5/16,29/5/16,Morgan,3099,37.5,32.5,13,11,0,1,5,49,51,2.5,http://www.roymorgan.com/findings/6831-morgan-poll-federal-voting-intention-may-30-2016-201605300615,,,,,,,
26/5/16,26/5/16,26/5/16,ReachTEL,2700,41,36.5,9.6,8.5,,,4.3,48,52,9.6,https://www.reachtel.com.au/blog/7-news-national-poll-26may2016,38,33.3,8.8,6.8,,,3.5
28/5/16,26/5/16,29/5/16,Essential,1007,41,35,9,15,,,,51,49,,,,,,,,,
1/6/16,31/5/16,2/6/16,Ipsos,1359,42,36,13,9,,,,49,51,,,,,,,,,
2/6/16,2/6/16,2/6/16,ReachTEL,2414,41.5,34.9,10.1,8.5,,,5,50,50,,https://www.reachtel.com.au/blog/7-news-national-poll-3june16,38.2,32.9,9.5,6.6,,,4.3
4/6/16,2/6/16,5/6/16,Essential,1011,41,36,10,14,,,,50,50,,,,,,,,,
4/6/16,2/6/16,5/6/16,Newspoll/Galaxy,1867,40,35,10,15,,,,50,50,,,,,,,,,
9/6/16,9/6/16,9/6/16,ReachTEL,2175,42.7,33.2,9.9,9.8,,,4.5,50,50,8.2,https://www.reachtel.com.au/blog/7-news-national-poll-9june16,39.2,31.6,8.7,8.3,,,4.1
11/6/16,9/6/16,12/6/16,Essential,1021,41,36,10,14,,,,49,51,,,,,,,,,
15/6/16,14/6/16,16/6/16,Ipsos,1437,39,33,14,14,,,,49,51,,,,,,,,,
16/6/16,16/6/16,16/6/16,ReachTEL,2576,43.5,33.6,9.1,9.5,,,4.2,51,49,7.8,https://www.reachtel.com.au/blog/7-news-national-poll-16june16,41.2,31,8.5,8,,,3.5
18/6/16,16/6/16,19/6/16,Essential,1013,40,37,10,13,,,,49,51,,,,,,,,,
18/6/16,16/6/16,19/6/16,Newspoll/Galaxy,1805,41,36,10,13,,,,50,50,,,,,,,,,
23/6/16,20/6/16,22/6/16,Galaxy,1390,42,35,11,12,,,,50,50,,,,,,,,,
23/6/16,23/6/16,23/6/16,ReachTEL,2349,42.3,33.7,10.5,11.9,,,1.4,51,49,7.2,https://www.reachtel.com.au/blog/7-news-national-poll-23june16,40.4,31.7,9.2,10.1,,,1.4
25/6/16,23/6/16,26/6/16,Essential,1000,39,37,10,14,,,,49,51,,,,,,,,,
25/6/16,23/6/16,26/6/16,Newspoll/Galaxy,1713,43,36,9,12,,,,51,49,,,,,,,,,
28/6/16,26/6/16,29/6/16,Ipsos,1377,40,33,13,14,,,,50,50,,,,,,,,,
29/6/16,27/6/16,30/6/16,Essential,1212,42.5,34.5,11.5,11.5,,,,50.5,49.5,,,,,,,,,
29/6/16,28/6/16,29/6/16,Galaxy,1768,43,36,10,11,,,,51,49,,,,,,,,,
30/6/16,28/6/16,1/7/16,Newspoll/Galaxy,4135,42,35,10,13,,,,50.5,49.5,,https://www.theaustralian.com.au/nation/politics/federal-election-2016-turnbull-clings-to-narrow-lead/news-story/ec670a4d0b0e5643bfeb868266061734,,,,,,,
30/6/16,30/6/16,30/6/16,ReachTEL,2084,42.8,34.6,10.7,10.5,,,1.5,51,49,5.1,https://www.reachtel.com.au/blog/7-news-national-poll-30june16,41.5,33.3,10.3,8.5,,,1.3
1/7/16,29/6/16,2/7/16,Essential,1000,41,37,10,12,,,,50,50,,,,,,,,,
8/7/16,6/7/16,9/7/16,Essential ,1022,41,36,10,13,,,,49,51,,,,,,,,,
15/7/16,13/7/16,16/7/16,Essential ,1012,39,36,10,14,,,,49,51,,,,,,,,,
22/7/16,20/7/16,23/7/16,Essential ,1018,39,37,10,14,,,,48,52,,,,,,,,,
29/7/16,27/7/16,30/7/16,Essential,1000,39,37,10,14,,,,48,52,,,,,,,,,
7/8/16,5/8/16,8/8/16,Essential,1003,40,37,10,13,,,,48,52,,,,,,,,,
14/8/16,12/8/16,15/8/16,Essential ,1015,39,37,10,14,,,,48,52,,,,,,,,,
21/8/16,19/8/16,22/8/16,Essential,1002,39,36,10,16,,,,49,51,,,,,,,,,
27/8/16,25/8/16,28/8/16,Newspoll/Galaxy,1696,41,36,9,14,,,,50,50,,,,,,,,,
28/8/16,26/8/16,29/8/16,Essential,1021,40,37,10,14,,,,49,51,,,,,,,,,
4/9/16,2/9/16,5/9/16,Essential,1041,39,37,10,14,,,,48,52,,,,,,,,,
10/9/16,8/9/16,11/9/16,Newspoll/Galaxy,1680,41,36,9,14,,,,50,50,,,,,,,,,
11/9/16,9/9/16,12/9/16,Essential,1019,38,37,10,16,,,,48,52,,,,,,,,,
11/9/16,9/9/16,12/9/16,Essential,1019,38,37,10,16,,,,48,52,,,,,,,,,
18/9/16,16/9/16,19/9/16,Essential,1015,37,37,10,17,,,,48,52,,,,,,,,,
24/9/16,22/9/16,25/9/16,Newspoll/Galaxy,1662,38,37,10,15,,,,48,52,,,,,,,,,
25/9/16,23/9/16,26/9/16,Essential,1009,39,36,9,16,,,,48,52,,,,,,,,,
8/10/16,8/9/16,11/9/16,Newspoll/Galaxy,1622,39,36,10,15,,,,48,52,,,,,,,,,
9/10/16,7/10/16,10/10/16,Essential,1002,38,36,10,16,,,,48,52,,,,,,,,,
16/10/16,14/10/16,17/10/16,Essential,1101,37,37,11,14,,,,47,53,,,,,,,,,
22/10/16,22/9/16,25/9/16,Newspoll/Galaxy,1673,39,37,10,14,,,,48,52,,,,,,,,,
23/10/16,21/10/16,24/10/16,Essential,1001,38,37,10,15,,,,48,52,,,,,,,,,
,,,,,,,,,,,,,,,,,,,,,,
,,,,,,,,,,,,,,,,,,,,,,
,,,,,,,,,,,,,,,,,,,,,,
,,,,,,,,,,,,,,,,,,,,,,