Pollster,Commissioner,APC_compliant,PublicationDate,FieldedStart,FieldedEnd,Fielded_Days,Method,SampleSize,EffectiveSampleSize,MarginOfError,2PP_calc_method,LNP,ALP,GRN,PHON,UAP,OTHER,UND,ALP_2PP,LNP_2PP,ALP_2PPplus_Essential,LNP_2PPplus_Essential,UND_2PPplus_Essential,DisclosureStatement,OriginalStory,Notes,,Link,Link 2
YouGov Galaxy,The Australian,Yes,13/3/2022,9/3/2022,12/3/2022,4,Online,1520,999,3.1,Previous preference flows,35,41,8,3,3,10,7,55,45,,,,https://commercial.yougov.com/rs/464-VHH-988/images/yougov-au-220305-Public-Polling-Methodology-Statement-March-2022.pdf,,,,,
YouGov Galaxy,The Australian,Yes,28/2/2022,23/2/2022,26/2/2022,4,Online,1525,1074,3,Previous preference flows,35,41,9,3,4,8,8,55,45,,,,https://commercial.yougov.com/rs/464-VHH-988/images/yougov-au-220212-Public-Polling-Methodology-Statement.pdf,https://www.theaustralian.com.au/nation/newspoll-labor-still-ahead-but-the-gap-is-narrowing/news-story/07b6099fb36eddb9f119cc0c2889081d,First time UAP result has been separately reported (with corresponding drop in OTHER first preference),,,
YouGov Galaxy,The Australian,Yes,14/2/2022,9/2/2022,12/2/2022,4,Online,1526,1011,3.1,Previous preference flows,34,41,8,3,,14,7,55,45,,,,https://commercial.yougov.com/rs/464-VHH-988/images/yougov-au-220208-Public-Polling-Methodology-Statement-february-2022.pdf,https://www.theaustralian.com.au/nation/newspoll-faith-in-morrison-withstands-the-storm/news-story/b08dd547cceb4a339e64f623ec978b35,,,,
YouGov Galaxy,The Australian,Yes,31/1/2022,25/1/2022,28/1/2022,4,Online,1526,1071,3,Previous preference flows,34,41,11,3,,11,7,56,44,,,,https://commercial.yougov.com/rs/464-VHH-988/images/yougov-apac-220103-First-Public-Polling-Methodology-Statement-January-2022.pdf,,,,,
YouGov Galaxy,The Australian,Yes,12/6/2021,1/12/2021,4/12/2021,4,Online,1518,990,3.1,Previous preference flows,36,38,10,3,,13,7,53,47,,,,https://commercial.yougov.com/rs/464-VHH-988/images/211201%20Public%20Polling%20Methodology%20Statement.pdf,https://www.theaustralian.com.au/nation/newspoll-labor-favourite-with-voters-to-defeat-scott-morrisons-government-in-federal-election/news-story/c338c5950f457b1e02a86607d8d51d51,,,,
YouGov Galaxy,The Australian,Yes,15/11/2021,10/11/2021,13/11/2021,4,Online,1524,1083,3,Previous preference flows,37,38,11,2,,12,8,53,47,,,,https://commercial.yougov.com/rs/464-VHH-988/images/211104%20Public%20Polling%20Methodology%20Statement.pdf,https://www.theaustralian.com.au/nation/newspoll-coalition-claws-back-primary-support-from-rightwing-parties/news-story/37bef1892aa7095b6981d27571a76d82,,,,
YouGov Galaxy,The Australian,Yes,25/10/2021,20/10/2021,23/10/2021,4,Online,1515,1057,3,Previous preference flows,35,38,11,3,,13,7,54,46,,,,https://commercial.yougov.com/rs/464-VHH-988/images/211007%20Public%20Polling%20Methodology%20Statement.pdf,https://www.theaustralian.com.au/nation/politics/newspoll-support-slumps-as-scott-morrison-leaves-for-glasgow/news-story/ebc8d809824deda8446ad7066d8f3a47,,,,
YouGov Galaxy,The Australian,Yes,4/10/2021,29/9/2021,2/10/2021,4,Online,1545,1035,3.1,Previous preference flows,37,37,11,2,,13,7,53,47,,,,https://commercial.yougov.com/rs/464-VHH-988/images/210905%20Public%20Polling%20Methodology%20Statement.pdf,https://www.theaustralian.com.au/nation/newspoll-more-voters-turning-towards-the-fringes/news-story/24785a84fd655fdf0d0756e3a9a47bf3,,,,
YouGov Galaxy,The Australian,Yes,20/9/2021,15/9/2021,18/9/2021,4,Online,2144,1325,2.7,Previous preference flows,37,38,10,3,,12,8,53,47,,,,https://commercial.yougov.com/rs/464-VHH-988/images/210904%20Public%20Polling%20Methodology%20Statement.pdf,,,,,
YouGov Galaxy,The Australian,Yes,30/8/2021,25/8/2021,28/8/2021,4,Online,1528,1138,2.9,Previous preference flows,36,40,10,3,,11,8,54,46,,,,https://commercial.yougov.com/rs/464-VHH-988/images/210807%20Public%20Polling%20Methodology%20Statement.pdf,https://www.theaustralian.com.au/nation/newspoll-coalitions-fortunes-fall-as-scott-morrison-on-the-rise/news-story/31cb207ab4e86addf29b166f5bc57f7a,,,,
YouGov Galaxy,The Australian,Yes,9/8/2021,4/8/2021,7/8/2021,4,Online,1527,1078,3,Previous preference flows,39,39,11,3,,8,8,53,47,,,,https://commercial.yougov.com/rs/464-VHH-988/images/210802%20Public%20Polling%20Methodology%20Statement.pdf,https://www.theaustralian.com.au/nation/politics/newspoll-delta-debacle-drives-scott-morrisons-ratings-to-new-low/news-story/213477b7f111f4333a5e46c89fc43e3d,,,,
YouGov Galaxy,The Australian,Yes,19/7/2021,14/7/2021,17/7/2021,4,Online,1506,1116,2.9,Previous preference flows,39,39,10,3,,9,7,53,47,,,,https://commercial.yougov.com/rs/464-VHH-988/images/210707%20Public%20Polling%20Methodology%20Statement.pdf,https://www.theaustralian.com.au/nation/politics/newspoll-coalition-pm-marked-down-as-vaccine-frustration-builds/news-story/31c5e300a481a59013c06770b36a2d09,,,,
YouGov Galaxy,The Australian,Yes,28/6/2021,23/6/2021,26/6/2021,4,Online,1513,1020,3.1,Previous preference flows,41,37,11,3,,8,5,51,49,,,,https://docs.cdn.yougov.com/apdxz76597/210607%20Public%20Polling%20Methodology%20Statement.pdf,https://www.theaustralian.com.au/nation/politics/newspoll-voters-mark-down-scott-morrisons-handling-of-covid19/news-story/b3513ea008a0b26f89b2f6afa7673f6f,,,,
YouGov Galaxy,The Australian,Yes,7/6/2021,2/6/2021,5/6/2021,4,Online,1516,1058,3,Previous preference flows,41,36,11,3,,9,7,50,50,,,,https://docs.cdn.yougov.com/c4kuadg9c1/Newspoll%207%20June%202021%20Methodology%20Statement.pdf,,,,,
YouGov Galaxy,The Australian,Yes,16/5/2021,13/5/2021,16/5/2021,4,Online,1506,1163,2.9,Previous preference flows,41,36,12,2,,9,6,51,49,,,,http://docs.cdn.yougov.com/8sz0wdplk3/16052021_Newspoll_Public%20Polling%20Methodology%20Statement.pdf,,First Newspoll since formation of Australian Polling Council,,,
YouGov Galaxy,The Australian,No,25/4/2021,21/4/2021,24/4/2021,4,Online,1514,,,Previous preference flows,41,38,10,3,,8,,51,49,,,,,,,,,
YouGov Galaxy,The Australian,No,28/3/2021,24/3/2021,27/3/2021,4,Online,1517,,,Previous preference flows,40,38,11,2,,9,,52,48,,,,,,,,,
YouGov Galaxy,The Australian,No,14/3/2021,10/3/2021,13/3/2021,4,Online,1521,,,Previous preference flows,39,39,10,3,,9,,52,48,,,,,,,,,
YouGov Galaxy,The Australian,No,21/2/2021,17/2/2021,20/2/2021,4,Online,1504,,,Previous preference flows,42,37,10,3,,8,,50,50,,,,,,,,,
YouGov Galaxy,The Australian,No,31/1/2021,27/1/2021,30/1/2021,4,Online,1512,,,Previous preference flows,42,36,10,3,,9,,50,50,,,,,,,,,
YouGov Galaxy,The Australian,No,29/11/2020,25/11/2020,28/11/2020,4,Online,1511,,,Previous preference flows,43,36,11,2,,8,,49,51,,,,,,,,,
YouGov Galaxy,The Australian,No,8/11/2020,4/11/2020,7/11/2020,4,Online,1510,,,Previous preference flows,43,34,11,3,,8,,49,51,,,,,,,,,
YouGov Galaxy,The Australian,No,11/10/2020,7/10/2020,10/10/2020,4,Online,1527,,,Previous preference flows,44,34,11,3,,8,,48,52,,,,,,,,,
YouGov Galaxy,The Australian,No,20/9/2020,16/9/2020,19/9/2020,4,Online,2068,,,Previous preference flows,43,34,12,3,,8,,49,51,,,,,,,,,
YouGov Galaxy,The Australian,No,30/8/2020,26/8/2020,29/8/2020,4,Online,1507,,,Previous preference flows,41,36,11,3,,9,,50,50,,,,,,,,,
YouGov Galaxy,The Australian,No,9/8/2020,5/8/2020,8/8/2020,4,Online,1509,,,Previous preference flows,43,33,11,4,,9,,48,52,,,,,,,,,
YouGov Galaxy,The Australian,No,19/7/2021,15/7/2020,18/7/2020,4,Online,1850,,,Previous preference flows,44,34,10,4,,8,,47,53,,,,,,,,,
YouGov Galaxy,The Australian,No,27/6/2020,24/6/2020,27/6/2020,4,Online,1521,,,Previous preference flows,42,35,11,3,,9,,49,51,,,,,,,,,
YouGov Galaxy,The Australian,No,6/6/2020,3/6/2020,6/6/2020,4,Online,1512,,,Previous preference flows,42,34,12,4,,9,,49,51,,,,,,,,,
YouGov Galaxy,The Australian,No,16/5/2020,13/5/2020,16/5/2020,4,Online,1504,,,Previous preference flows,43,35,10,3,,9,,49,51,,,,,,,,,
YouGov Galaxy,The Australian,No,25/4/2020,22/4/2020,25/4/2020,4,Online,1519,,,Previous preference flows,41,36,12,4,,7,,50,50,,,,,,,,,
YouGov Galaxy,The Australian,No,4/4/2020,1/4/2020,4/4/2020,4,Online,1508,,,Previous preference flows,42,34,13,5,,6,,49,51,,,,,,,,,
YouGov Galaxy,The Australian,No,14/3/2020,11/3/2020,14/3/2020,4,Online,1501,,,Previous preference flows,40,36,12,4,,8,,51,49,,,,,,,,,
YouGov Galaxy,The Australian,No,22/2/2020,19/2/2020,22/2/2020,4,Online,1513,,,Previous preference flows,38,34,13,4,,11,,51,49,,,,,,,,,
YouGov Galaxy,The Australian,No,1/2/2020,29/1/2020,1/2/2020,4,Online,1510,,,Previous preference flows,38,35,13,4,,10,,52,48,,,,,,,,,
YouGov Galaxy,The Australian,No,11/1/2020,8/1/2020,11/1/2020,4,Online,1505,,,Previous preference flows,40,36,12,4,,8,,51,49,,,,,,,,,
YouGov Galaxy,The Australian,No,8/12/2019,4/12/2019,8/12/2019,5,Online,1503,,,Previous preference flows,42,33,11,5,,9,,48,52,,,,,,,,,
YouGov Galaxy,The Australian,No,23/11/2019,20/11/2019,23/11/2019,4,Online,1519,,,Previous preference flows,41,33,12,5,,9,,49,51,,,,,,,,,
YouGov Galaxy,The Australian,No,10/11/2019,7/11/2019,10/11/2019,4,Online/IVR,1682,,,Previous preference flows,40,35,12,7,,6,,50,50,,,,,,,,,
YouGov Galaxy,The Australian,No,19/10/2019,17/10/2019,19/10/2019,3,Online/IVR,1634,,,Previous preference flows,42,33,13,6,,6,,49,51,,,,,,,,,
YouGov Galaxy,The Australian,No,28/9/2019,26/9/2019,28/9/2019,3,Online/IVR,1658,,,Previous preference flows,42,33,13,6,,6,,49,51,,,,,,,,,
YouGov Galaxy,The Australian,No,7/9/2019,5/9/2019,7/9/2019,3,Online/IVR,1661,,,Previous preference flows,43,35,12,5,,5,,49,51,,,,,,,,,
YouGov Galaxy,The Australian,No,18/8/2019,15/8/2019,18/8/2019,4,Online/IVR,1623,,,Previous preference flows,42,34,11,4,,9,,49,51,,,,,,,,,
YouGov Galaxy,The Australian,No,28/7/2019,25/7/2019,28/7/2019,4,Online/IVR,1601,,,Previous preference flows,44,33,11,3,,9,,47,53,,,,,,,,,
Essential,The Guardian,No,13/1/2020,8/1/2020,11/1/2020,4,Online,1081,1005,3.1,Respondent allocated,36,35,10,5,1,7,6,0.521276596,0.478723404,49,45,6,,,,,https://essentialreport.com.au/reports/federal-political-insights,
Essential,The Guardian,No,28/1/2020,22/1/2020,28/1/2020,7,Online,1080,1010,3.1,Respondent allocated,37,35,9,6,1,6,7,0.521276596,0.478723404,49,45,7,,,,,https://essentialreport.com.au/reports/federal-political-insights,
Essential,The Guardian,No,10/2/2020,5/2/2020,10/2/2020,6,Online,1057,999,3.1,Respondent allocated,34,36,10,6,1,7,7,0.532608696,0.467391304,49,43,7,,,,,https://essentialreport.com.au/reports/federal-political-insights,
Essential,The Guardian,No,24/2/2020,19/2/2020,23/2/2020,5,Online,1090,974,3.1,Respondent allocated,38,36,10,4,1,5,7,0.516129032,0.483870968,48,45,7,,,,,https://essentialreport.com.au/reports/federal-political-insights,
Essential,The Guardian,No,10/3/2020,4/3/2020,9/3/2020,6,Online,1095,997,3.1,Respondent allocated,38,35,8,5,1,6,7,0.505376344,0.494623656,47,46,7,,,,,https://essentialreport.com.au/reports/federal-political-insights,
Essential,The Guardian,No,22/3/2020,19/3/2020,22/3/2020,4,Online,1032,891,3.3,Respondent allocated,37,34,10,3,1,7,8,0.52173913,0.47826087,48,44,8,,,,,https://essentialreport.com.au/reports/federal-political-insights,
Essential,The Guardian,No,31/3/2020,25/3/2020,31/3/2020,7,Online,1090,1012,3.1,Respondent allocated,38,34,10,4,1,5,8,0.505494505,0.494505495,46,45,8,,,,,https://essentialreport.com.au/reports/federal-political-insights,
Essential,The Guardian,No,6/4/2020,1/4/2020,6/4/2020,6,Online,1067,1004,3.1,Respondent allocated,36,35,10,3,1,6,8,0.510869565,0.489130435,47,45,8,,,,,https://essentialreport.com.au/reports/federal-political-insights,
Essential,The Guardian,No,13/4/2020,8/4/2020,12/4/2020,5,Online,1064,1001,3.1,Respondent allocated,38,35,10,5,1,5,8,0.505376344,0.494623656,47,46,8,,,,,https://essentialreport.com.au/reports/federal-political-insights,
Essential,The Guardian,No,20/4/2020,15/4/2020,19/4/2020,5,Online,1051,961,3.2,Respondent allocated,40,32,10,5,1,5,7,0.52688172,0.47311828,49,44,7,,,,,https://essentialreport.com.au/reports/federal-political-insights,
Essential,The Guardian,No,27/4/2020,22/4/2020,26/4/2020,5,Online,1051,956,3.2,Respondent allocated,40,34,10,4,1,5,7,0.516129032,0.483870968,48,45,7,,,,,https://essentialreport.com.au/reports/federal-political-insights,
Essential,The Guardian,No,4/5/2020,29/4/2020,3/5/2020,5,Online,1093,1015,3.1,Respondent allocated,38,34,10,4,2,4,8,0.510869565,0.489130435,47,45,8,,,,,https://essentialreport.com.au/reports/federal-political-insights,
Essential,The Guardian,No,11/5/2020,6/5/2020,11/5/2020,6,Online,1067,982,3.1,Respondent allocated,41,31,9,3,2,5,8,0.462365591,0.537634409,43,50,8,,,,,https://essentialreport.com.au/reports/federal-political-insights,
Essential,The Guardian,No,18/5/2020,13/5/2020,18/5/2020,6,Online,1073,971,3.1,Respondent allocated,38,35,8,3,2,5,9,0.5,0.5,45,45,9,,,,,https://essentialreport.com.au/reports/federal-political-insights,
Essential,The Guardian,No,25/5/2020,21/5/2020,25/5/2020,5,Online,1087,970,3.1,Respondent allocated,39,33,11,5,1,4,7,0.505376344,0.494623656,47,46,7,,https://essentialvision.com.au/wp-content/uploads/2020/05/Essential-Report-180520-1.pdf,,,https://essentialreport.com.au/reports/federal-political-insights,
Essential,The Guardian,No,1/6/2020,27/5/2020,31/5/2020,5,Online,1059,991,3.1,Respondent allocated,39,32,10,5,2,6,7,0.489361702,0.510638298,46,48,7,,,,,https://essentialreport.com.au/reports/federal-political-insights,
Essential,The Guardian,No,9/6/2020,3/6/2020,8/6/2020,6,Online,1073,953,3.2,Respondent allocated,40,33,9,4,1,5,8,0.489130435,0.510869565,45,47,8,,,,,https://essentialreport.com.au/reports/federal-political-insights,
Essential,The Guardian,No,15/6/2020,10/6/2020,15/6/2020,6,Online,1087,1013,3.1,Respondent allocated,38,35,9,5,2,5,7,0.5,0.5,47,47,7,,,,,https://essentialreport.com.au/reports/federal-political-insights,
Essential,The Guardian,No,22/6/2020,17/6/2020,21/6/2020,5,Online,1079,1010,3.1,Respondent allocated,39,33,10,5,1,5,7,0.489361702,0.510638298,46,48,7,,,,,https://essentialreport.com.au/reports/federal-political-insights,
Essential,The Guardian,No,29/6/2020,25/6/2020,29/6/2020,5,Online,1085,976,3.1,Respondent allocated,39,33,9,4,1,5,8,0.489130435,0.510869565,45,47,8,,,,,https://essentialreport.com.au/reports/federal-political-insights,
Essential,The Guardian,No,13/7/2020,8/7/2020,12/7/2020,5,Online,1048,882,3.3,Respondent allocated,37,34,10,4,1,5,9,0.505494505,0.494505495,46,45,9,,https://essentialvision.com.au/wp-content/uploads/2020/07/Essential-Report-130720.pdf,,,https://essentialreport.com.au/reports/federal-political-insights,
Essential,The Guardian,No,27/7/2020,22/7/2020,27/7/2020,6,Online,1060,986,3.1,Respondent allocated,38,35,9,4,1,5,8,0.510869565,0.489130435,47,45,8,,https://essentialvision.com.au/wp-content/uploads/2020/07/Essential-Report-270720.pdf,,,https://essentialreport.com.au/reports/federal-political-insights,
Essential,The Guardian,No,10/8/2020,5/8/2020,10/8/2020,6,Online,1008,905,3.3,Respondent allocated,38,34,9,4,0,5,10,0.488888889,0.511111111,44,46,10,,https://essentialvision.com.au/wp-content/uploads/2020/08/Essential-Report-100820.pdf,,,https://essentialreport.com.au/reports/federal-political-insights,
Essential,The Guardian,No,24/8/2020,20/8/2020,24/8/2020,5,Online,1068,952,3.2,Respondent allocated,39,35,9,4,1,5,7,0.489130435,0.510869565,45,47,7,,,,,https://essentialreport.com.au/reports/federal-political-insights,
Essential,The Guardian,No,7/9/2020,2/9/2020,7/9/2020,6,Online,1076,972,3.1,Respondent allocated,38,32,10,3,3,6,8,0.510869565,0.489130435,47,45,8,,,,,https://essentialreport.com.au/reports/federal-political-insights,
Essential,The Guardian,No,21/9/2020,16/9/2020,21/9/2020,6,Online,1081,972,3.1,Respondent allocated,41,31,10,4,1,4,9,0.461538462,0.538461538,42,49,9,,,,,https://essentialreport.com.au/reports/federal-political-insights,
Essential,The Guardian,No,6/10/2020,30/9/2020,6/10/2020,7,Online,1074,991,3.1,Respondent allocated,39,34,9,5,2,4,7,0.494623656,0.505376344,46,47,7,,,,,https://essentialreport.com.au/reports/federal-political-insights,
Essential,The Guardian,No,13/10/2020,8/10/2020,12/10/2020,5,Online,1083,979,3.1,Respondent allocated,40,33,9,3,1,4,9,0.47826087,0.52173913,44,48,8,,,,,https://essentialreport.com.au/reports/federal-political-insights,
Essential,The Guardian,No,19/10/2020,14/10/2020,18/10/2020,5,Online,1082,963,3.2,Respondent allocated,39,35,9,3,2,5,8,0.483870968,0.516129032,45,48,8,,,,,https://essentialreport.com.au/reports/federal-political-insights,
Essential,The Guardian,No,2/11/2020,28/10/2020,2/11/2020,6,Online,1063,925,3.2,Respondent allocated,39,35,9,3,1,4,9,0.511111111,0.488888889,46,44,9,,,,,https://essentialreport.com.au/reports/federal-political-insights,
Essential,The Guardian,No,17/11/2020,13/11/2020,17/11/2020,5,Online,1036,893,3.3,Respondent allocated,38,35,9,4,1,5,7,0.510869565,0.489130435,47,45,7,,,,,https://essentialreport.com.au/reports/federal-political-insights,
Essential,The Guardian,No,30/11/2020,25/11/2020,30/11/2020,6,Online,1034,893,3.3,Respondent allocated,41,33,8,4,1,5,8,0.467391304,0.532608696,43,49,8,,,,,https://essentialreport.com.au/reports/federal-political-insights,
Essential,The Guardian,No,14/12/2020,9/12/2020,14/12/2020,6,Online,1071,949,3.2,Respondent allocated,37,35,8,4,1,6,9,0.505494505,0.494505495,46,45,9,,,,,https://essentialreport.com.au/reports/federal-political-insights,
Essential,The Guardian,No,18/1/2021,13/1/2021,17/1/2021,5,Online,1084,944,3.2,Respondent allocated,40,33,10,3,2,5,7,0.483870968,0.516129032,45,48,7,,,,,https://essentialreport.com.au/reports/federal-political-insights,
Essential,The Guardian,No,1/2/2021,27/1/2021,1/2/2021,6,Online,1092,1009,3.1,Respondent allocated,37,35,10,3,2,5,8,0.516483516,0.483516484,47,44,8,,,,,https://essentialreport.com.au/reports/federal-political-insights,
Essential,The Guardian,No,15/2/2021,10/2/2021,15/2/2021,6,Online,1110,1010,3.1,Respondent allocated,39,35,8,4,2,5,6,0.5,0.5,47,47,6,,,,,https://essentialreport.com.au/reports/federal-political-insights,
Essential,The Guardian,No,1/3/2021,24/2/2021,1/3/2021,6,Online,1074,964,3.2,Respondent allocated,37,34,9,4,2,6,7,0.516129032,0.483870968,48,45,7,,,,,https://essentialreport.com.au/reports/federal-political-insights,
Essential,The Guardian,No,15/3/2021,8/3/2021,14/3/2021,7,Online,1124,1051,3,Respondent allocated,38,34,9,3,2,6,7,0.5,0.5,47,47,7,,,,,https://essentialreport.com.au/reports/federal-political-insights,
Essential,The Guardian,No,29/3/2021,24/3/2021,28/3/2021,5,Online,1100,979,3.1,Respondent allocated,39,36,8,3,1,6,7,0.505376344,0.494623656,47,46,7,,,,,https://essentialreport.com.au/reports/federal-political-insights,
Essential,The Guardian,No,12/4/2021,7/4/2021,11/4/2021,5,Online,1368,1260,2.8,Respondent allocated,37,36,10,3,2,5,7,0.516129032,0.483870968,48,45,7,,,,,https://essentialreport.com.au/reports/federal-political-insights,
Essential,The Guardian,No,26/4/2021,21/4/2021,25/4/2021,5,Online,1090,991,3.1,Respondent allocated,39,34,10,4,1,5,7,0.5,0.5,46,46,7,,https://essentialvision.com.au/wp-content/uploads/2021/04/Essential-Report-260421.pdf,,,https://essentialreport.com.au/reports/federal-political-insights,
Essential,The Guardian,No,10/5/2021,5/5/2021,10/5/2021,6,Online,1092,1006,3.1,Respondent allocated,38,36,9,3,1,4,8,0.52173913,0.47826087,48,44,8,,https://essentialvision.com.au/wp-content/uploads/2021/05/Essential-Report-100521.pdf,,,,
Essential,The Guardian,Yes,24/5/2021,19/5/2021,23/5/2021,5,Online,1100,1006,3.1,Respondent allocated,37,35,10,3,1,5,8,0.52173913,0.47826087,48,44,8,https://essentialreport.com.au/wp-content/uploads/2022/02/Essential-Report-Disclosure-Statement-1.pdf,,,https://essentialvision.com.au/wp-content/uploads/2021/05/Essential-Report-240521.pdf,https://essentialreport.com.au/reports/federal-political-insights,
Essential,The Guardian,Yes,7/6/2021,2/6/2021,6/6/2021,5,Online,1104,1019,3.1,Respondent allocated,38,35,10,4,1,5,7,0.52173913,0.47826087,48,44,7,https://essentialreport.com.au/wp-content/uploads/2022/02/Essential-Report-Disclosure-Statement-1.pdf,,,,https://essentialreport.com.au/reports/federal-political-insights,
Essential,The Guardian,Yes,21/6/2021,16/6/2021,20/6/2021,5,Online,1087,1017,3.1,Respondent allocated,38,36,10,4,1,5,7,0.510869565,0.489130435,47,45,7,https://essentialreport.com.au/wp-content/uploads/2022/02/Essential-Report-Disclosure-Statement-1.pdf,,,,https://essentialreport.com.au/reports/federal-political-insights,
Essential,The Guardian,Yes,6/7/2021,30/6/2021,4/7/2021,5,Online,1099,987,3.1,Respondent allocated,37,36,8,4,2,4,8,0.52173913,0.47826087,48,44,8,https://essentialreport.com.au/wp-content/uploads/2022/02/Essential-Report-Disclosure-Statement-1.pdf,,"(not including extra NSW polling that was carried out in this cycle, see disclosure statement for details)",,https://essentialreport.com.au/reports/federal-political-insights,
Essential,The Guardian,Yes,19/7/2021,14/7/2021,18/7/2021,5,Online,1100,1004,3.1,Respondent allocated,37,36,10,4,1,5,8,0.510869565,0.489130435,47,45,7,https://essentialreport.com.au/wp-content/uploads/2022/02/Essential-Report-Disclosure-Statement-1.pdf,,,,https://essentialreport.com.au/reports/federal-political-insights,
Essential,The Guardian,Yes,3/8/2021,28/7/2021,1/8/2021,5,Online,1098,1057,3,Respondent allocated,38,35,9,4,1,5,8,0.510869565,0.489130435,47,45,8,https://essentialreport.com.au/wp-content/uploads/2022/02/Essential-Report-Disclosure-Statement-1.pdf,,,,https://essentialreport.com.au/reports/federal-political-insights,
Essential,The Guardian,Yes,16/8/2021,11/8/2021,15/8/2021,5,Online,1100,1049,3,Respondent allocated,37,36,9,3,1,5,8,0.510869565,0.489130435,47,45,8,https://essentialreport.com.au/wp-content/uploads/2022/02/Essential-Report-Disclosure-Statement-1.pdf,,,,https://essentialreport.com.au/tag/federal-election,
Essential ,The Guardian,Yes,30/8/2021,25/8/2021,29/8/2021,5,Online,1100,1026,3.1,Respondent allocated,38,36,10,4,1,5,7,0.516129032,0.483870968,48,45,7,https://essentialreport.com.au/wp-content/uploads/2022/02/Essential-Report-Disclosure-Statement-1.pdf,,,,https://essentialreport.com.au/tag/federal-election,
Essential,The Guardian,Yes,13/9/2021,8/9/2021,12/9/2021,5,Online,1100,1023,3.1,Respondent allocated,38,34,8,4,4,5,8,0.5,0.5,46,46,8,https://essentialreport.com.au/wp-content/uploads/2022/02/Essential-Report-Disclosure-Statement-1.pdf,,,,https://essentialreport.com.au/tag/federal-election,
Essential,The Guardian,Yes,27/9/2021,22/9/2021,26/9/2021,5,Online,1094,1024,3.1,Respondent allocated,38,36,9,3,2,5,6,0.510638298,0.489361702,48,46,6,https://essentialreport.com.au/wp-content/uploads/2022/02/Essential-Report-Disclosure-Statement-1.pdf,,,,https://essentialreport.com.au/tag/federal-election,
Essential,The Guardian,Yes,11/10/2021,6/10/2021,10/10/2021,5,Online,1097,987,3.1,Respondent allocated,36,34,9,4,2,5,9,0.505494505,0.494505495,46,45,9,https://essentialreport.com.au/wp-content/uploads/2022/02/Essential-Report-Disclosure-Statement-1.pdf,,,,https://essentialreport.com.au/tag/federal-election,
Essential,The Guardian,Yes,25/10/2021,20/10/2021,24/10/2021,5,Online,1781,1120,2.9,Respondent allocated,37,36,10,3,4,4,6,0.52688172,0.47311828,49,44,6,https://essentialreport.com.au/wp-content/uploads/2022/02/Essential-Report-Disclosure-Statement-1.pdf,,Larger sample than usual due to a boost to the sample in WA and SA,,https://essentialreport.com.au/tag/federal-election,
Essential ,The Guardian,Yes,8/11/2021,3/11/2021,7/11/2021,5,Online,1089,991,3.1,Respondent allocated,37,35,9,3,2,4,10,0.511111111,0.488888889,46,44,10,https://essentialreport.com.au/wp-content/uploads/2022/02/Essential-Report-Disclosure-Statement-1.pdf,https://essentialvision.com.au/wp-content/uploads/2021/11/Essential-Report-081121_FINAL.pdf,,,https://essentialreport.com.au/tag/federal-election,
Essential ,The Guardian,Yes,22/11/2021,17/11/2021,21/11/2021,5,Online,1095,1002,3.1,Respondent allocated,37,36,10,4,2,5,7,0.516129032,0.483870968,48,45,7,https://essentialreport.com.au/wp-content/uploads/2022/02/Essential-Report-Disclosure-Statement-1.pdf,,,,https://essentialreport.com.au/tag/federal-election,
Essential,The Guardian,Yes,6/12/2021,1/12/2021,5/12/2021,5,Online,1094,1010,3.1,Respondent allocated,38,35,10,3,2,4,8,0.510869565,0.489130435,47,45,8,https://essentialreport.com.au/wp-content/uploads/2022/02/Essential-Report-Disclosure-Statement-1.pdf,,,,https://essentialreport.com.au/tag/federal-election,
Essential,The Guardian,Yes,13/12/2021,8/12/2021,13/12/2021,6,Online,1095,988,3.1,Respondent allocated,36,36,9,4,2,6,8,0.52173913,0.47826087,48,44,8,https://essentialreport.com.au/wp-content/uploads/2022/02/Essential-Report-Disclosure-Statement-1.pdf,,,,https://essentialreport.com.au/tag/federal-election,
Essential,The Guardian,Yes,25/1/2022,20/1/2022,23/1/2022,4,Online,1062,1001,3.1,Respondent allocated,36,37,8,3,3,6,8,0.537634409,0.462365591,50,43,8,https://essentialreport.com.au/wp-content/uploads/2022/02/Essential-Report-Disclosure-Statement-1.pdf,,,,https://essentialreport.com.au/tag/federal-election,
Essential,The Guardian,Yes,8/2/2022,2/2/2022,6/2/2022,5,Online,1069,985,3.1,Respondent allocated,37,35,9,4,2,5,8,0.505376344,0.494623656,47,46,8,https://essentialreport.com.au/wp-content/uploads/2022/02/Essential-Report-Disclosure-Statement-1.pdf,,,,https://essentialreport.com.au/tag/federal-election,
Essential,The Guardian,Yes,22/2/2022,16/2/2022,21/2/2022,6,Online,1089,1013,3.1,Respondent allocated,35,38,9,5,3,4,6,0.521276596,0.478723404,49,45,6,https://essentialreport.com.au/wp-content/uploads/2022/02/Essential-Report-Disclosure-Statement-1.pdf,,,,https://essentialreport.com.au/tag/federal-election,
Resolve,Fairfax/Nine,No,21/4/2021,9/4/2021,15/4/2021,7,Online/Phone,2006,,2.2,Not reported,38,33,12,6,,11,,,,,,,,https://www.smh.com.au/politics/federal/voters-back-coalition-to-manage-the-pandemic-but-labor-on-healthcare-20210420-p57kva.html,400 voters over the phone and another 1606 voters online,,,
Resolve,Fairfax/Nine,No,18/5/2021,12/5/2021,16/5/2021,5,Online,1622,,2.5,Not reported,39,35,12,2,,13,,,,,,,,https://www.smh.com.au/politics/federal/voters-warn-scott-morrison-not-to-rush-to-an-early-election-20210517-p57sqe.html,,,,
Resolve,Fairfax/Nine,No,15/6/2021,8/6/2021,12/6/2021,5,Online,1600,,2.5,Not reported,40,36,10,3,,12,,,,,,,,https://www.smh.com.au/politics/federal/vaccine-rollout-stumbles-lead-to-slight-drop-in-support-for-coalition-20210614-p580yp.html,,,,
Resolve,Fairfax/Nine,No,21/7/2021,14/7/2021,17/7/2021,4,Online,1607,,2.5,Not reported,38,35,12,4,,12,,,,,,,,https://www.smh.com.au/politics/federal/narrow-majority-of-voters-wants-lockdowns-phased-out-as-vaccination-rate-grows-20210720-p58bbs.html,,,,
Resolve,Fairfax/Nine,No,24/8/2021,17/8/2021,21/8/2021,5,Online,1607,,2.5,Not reported,40,32,12,2,,13,,,,,,,,https://www.smh.com.au/politics/federal/coalition-gains-on-pandemic-management-as-morrison-holds-ground-labor-vote-falls-20210823-p58lan.html,,,,
Resolve,Fairfax/Nine,No,21/9/2021,15/9/2021,19/9/2021,5,Online,1606,,2.5,Not reported,39,31,10,4,,16,,,,,,,,https://www.smh.com.au/politics/federal/morrison-holds-lead-but-albanese-narrows-the-gap-as-preferred-prime-minister-20210921-p58tda.html,,,,
Resolve,Fairfax/Nine,No,26/10/2021,21/10/2021,24/10/2021,4,Online,1603,,2.5,Not reported,37,34,11,3,,14,,,,,,,,https://www.smh.com.au/politics/federal/coalition-support-weakened-by-nationals-climate-policy-disagreement-20211025-p592wt.html,,,,
Resolve,Fairfax/Nine,No,23/11/2021,16/11/2021,21/11/2021,6,Online,1606,,2.5,Not reported,39,32,11,3,,14,,,,,,,,https://www.smh.com.au/politics/federal/scott-morrison-loses-ground-but-coalition-gains-in-latest-survey-20211122-p59b6y.html,,,,
Resolve,Fairfax/Nine,No,18/1/2022,11/1/2022,15/1/2022,5,Online,1607,,2.5,Not reported,34,35,11,3,,17,,,,,,,,https://www.smh.com.au/politics/federal/coalition-primary-vote-drops-below-labor-s-for-the-first-time-resolve-survey-20220117-p59orf.html,,,,
Resolve,Fairfax/Nine,No,22/2/2022,15/2/2022,20/2/2022,6,Online,1604,,2.5,Not reported,33,35,10,3,,19,,,,,,,,https://www.smh.com.au/politics/federal/voters-cut-support-for-scott-morrison-following-debate-about-national-security-leadership-20220221-p59yc8.html,,,,
Roy Morgan,Roy Morgan,No,29/3/2022,21/3/2022,27/3/2022,7,Online/Phone,1404,,,Respondent allocated,33,35.5,12.5,3.5,1,14.5,,55.5,44.5,,,,,https://www.roymorgan.com/findings/8927-federal-voting-intention-final-week-of-march-2022-202203290357,,,,
Roy Morgan,Roy Morgan,No,22/3/2022,14/3/2022,20/3/2022,7,Online/Phone,1418,,,Respondent allocated,31,37.5,12,3,1,15.5,,58,42,,,,,https://www.roymorgan.com/findings/8922-federal-voting-intention-mid-march-2022-202203211033,,,,
Roy Morgan,Roy Morgan,No,16/3/2022,3/3/2022,13/3/2022,11,Online/Phone,30/4/1905,,,Respondent allocated,33.5,37,11.5,3,1,13.5,5.5,56,44,,,,,https://www.roymorgan.com/findings/8917-federal-voting-intention-mid-march-2022-202203160002,,,,
Roy Morgan,Roy Morgan,No,3/3/2022,24/2/2022,2/3/2022,7,Online/Phone,1141,,,Respondent allocated,34,37.5,11.5,3.5,1,12.5,,56.5,43.5,,,,,https://www.roymorgan.com/findings/8916-roy-morgan-poll-federal-voting-intention-march-2022-202203030153,,,,
Roy Morgan,Roy Morgan,No,1/3/2022,14/2/2022,23/2/2022,10,Online/Phone,2261,,2.1,Respondent allocated,32.5,37.5,12.5,3.5,1.5,12.5,6.5,56.5,43.5,,,,,https://www.roymorgan.com/findings/8914-federal-voting-intention-february-2022-pre-ukraine-war-202203010358,,,,
Roy Morgan,Roy Morgan,No,18/2/2022,31/1/2022,13/2/2022,14,Online/Phone,2796,,1.9,Respondent allocated,33,38.5,11.5,4,1.5,11.5,,57,43,,,,,https://www.roymorgan.com/findings/8913-federal-voting-intention-february-2022-202202211048,,,,
Roy Morgan,Roy Morgan,No,3/2/2022,17/1/2022,30/1/2022,14,Online/Phone,2783,,1.9,Respondent allocated,33,37.5,11.5,3.5,2,12.5,,56.5,43.5,,,,,https://www.roymorgan.com/findings/8893-federal-voting-intention-january-2022-202202061414,,,,
Roy Morgan,Roy Morgan,No,20/1/2022,4/1/2022,16/1/2022,13,Online/Phone,2791,,1.9,Respondent allocated,34.5,37,12,3,0.5,13,,56,44,,,,,https://www.roymorgan.com/findings/8879-federal-voting-intention-january-2022-202201200425,,,,
Roy Morgan,Roy Morgan,No,,11/12/2021,19/12/2021,9,Online/Phone,,,,Respondent allocated,34.5,37,11.5,4,,13,,55.5,44.5,,,,,https://www.roymorgan.com/morganpoll/federal-voting/primary-voting-intention-recent-2016-2022,Poll is reported in Roy Morgan data tables but there does not appear to be a corresponding detailed release from the time,,,
Roy Morgan,Roy Morgan,No,10/12/2021,27/11/2021,5/12/2021,9,Online/Phone,2805,,1.9,Respondent allocated,34.5,36,12.5,3.5,1,12.5,,56.5,43.5,,,,,https://www.roymorgan.com/findings/8878-federal-voting-intention-december-2021-202112092249,,,,
Roy Morgan,Roy Morgan,No,25/11/2021,13/11/2021,21/11/2021,9,Online/Phone,2795,,1.9,Respondent allocated,35.5,35.5,12,3.5,,13.5,,55.5,44.5,,,,,https://www.roymorgan.com/findings/8862-federal-voting-intention-november-2021-202111250505,,,,
Roy Morgan,Roy Morgan,No,11/11/2021,30/10/2021,7/11/2021,9,Online/Phone,2723,,1.9,Respondent allocated,36.5,35,11.5,3,,14,,53.5,46.5,,,,,https://www.roymorgan.com/findings/8852-federal-voting-intention-november-2021-202111101441,,,,
Roy Morgan,Roy Morgan,No,27/10/2021,16/10/2021,24/10/2021,9,Online/Phone,2778,,1.9,Respondent allocated,36.5,35,13.5,3.5,,11.5,,54,46,,,,,https://www.roymorgan.com/findings/8832-federal-voting-intention-october-2021-202110270611,,,,
Roy Morgan,Roy Morgan,No,12/10/2021,2/10/2021,9/10/2021,8,Online/Phone,2794,,1.9,Respondent allocated,37.5,36,11.5,3,,12,,53,47,,,,,https://www.roymorgan.com/findings/8828-federal-voting-intention-october-2021-202110120319,,,,
Roy Morgan,Roy Morgan,No,30/9/2021,18/9/2021,26/9/2021,9,Online/Phone,2752,,1.9,Respondent allocated,36,36,12.5,3.5,,12,,54,46,,,,,https://www.roymorgan.com/findings/8808-federal-voting-intention-september-2021-202109290458,,,,
Roy Morgan,Roy Morgan,No,14/9/2021,4/9/2021,12/9/2021,9,Online/Phone,2753,,1.9,Respondent allocated,38.5,35,13,3,,10.5,,52.5,47.5,,,,,https://www.roymorgan.com/findings/8802-federal-voting-intention-september-2021-202109140632,,,,
Roy Morgan,Roy Morgan,No,1/9/2021,21/8/2021,29/8/2021,9,Online/Phone,2735,,1.9,Respondent allocated,37.5,38.5,11.5,3,,9.5,,54.5,45.5,,,,,https://www.roymorgan.com/findings/8782-federal-voting-intention-september-2021-202109010638,,,,
Roy Morgan,Roy Morgan,No,18/8/2021,7/8/2021,15/8/2021,9,Online/Phone,2747,,1.9,Respondent allocated,37.5,37.5,12.5,3.5,,9,,54,46,,,,,https://www.roymorgan.com/findings/8778-federal-voting-intention-august-2021-202108180625,,,,
Roy Morgan,Roy Morgan,No,4/8/2021,24/7/2021,1/8/2021,9,Online/Phone,2709,,1.9,Respondent allocated,37,37,12.5,3,,10.5,,53.5,46.5,,,,,https://www.roymorgan.com/findings/8766-federal-voting-intention-august-2021-202108040631,,,,
Roy Morgan,Roy Morgan,No,23/7/2021,10/7/2021,18/7/2021,9,Online/Phone,2737,,1.9,Respondent allocated,39,37,11.5,3,,9.5,,52.5,47.5,,,,,https://www.roymorgan.com/findings/8756-federal-voting-intention-july-2021-202107230640,,,,
Roy Morgan,Roy Morgan,No,23/6/2021,12/6/2021,20/6/2021,9,Online/Phone,2782,,1.9,Respondent allocated,41.5,34.5,12,3.5,,8.5,,50.5,49.5,,,,,https://www.roymorgan.com/findings/8736-federal-voting-intention-june-2021-202106230548,,,,
Roy Morgan,Roy Morgan,No,9/6/2021,29/5/2021,6/6/2021,9,Online/Phone,2817,,1.9,Respondent allocated,40,35.5,11.5,3,,10,,50.5,49.5,,,,,https://www.roymorgan.com/findings/8726-federal-voting-intention-june-2021-202106090557,,,,
Roy Morgan,Roy Morgan,No,16/3/2021,6/3/2021,14/3/2021,9,Online/Phone,2747,,1.9,Respondent allocated,41,34.5,12.5,2.5,,9.5,,50.5,49.5,,,,,https://www.roymorgan.com/findings/8662-federal-voting-intention-march-2021-202103160505,,,,
Roy Morgan,Roy Morgan,No,19/2/2021,6/2/2021,14/2/2021,9,Online/Phone,2786,,1.9,Respondent allocated,40,34.5,13,3.5,,9,,50.5,49.5,,,,,https://www.roymorgan.com/findings/8648-federal-voting-intention-february-2021-202102181348,,,,
Roy Morgan,Roy Morgan,No,24/11/2020,14/11/2020,22/11/2020,9,Online/Phone,2824,,1.9,Respondent allocated,42,34,12,4,,8,,49.5,50.5,,,,,https://www.roymorgan.com/findings/8581-roy-morgan-poll-federal-voting-intention-november-2020-202011230922,,,,
Roy Morgan,Roy Morgan,No,,17/10/2020,25/10/2020,9,Online/Phone,,,,Respondent allocated,42.5,34,12,4,,7.5,,49.5,50.5,,,,,https://www.roymorgan.com/morganpoll/federal-voting/primary-voting-intention-recent-2016-2022,Poll is reported in Roy Morgan data tables but there does not appear to be a corresponding detailed release from the time,,,
Roy Morgan,Roy Morgan,No,21/8/2020,8/8/2020,16/8/2020,9,Online/Phone,2841,,1.9,Respondent allocated,46,32.5,11,3,,7.5,,46,54,,,,,https://www.roymorgan.com/findings/8498-l-np-government-ahead-covid-19-second-wave-august-2020-202008210142,,,,
Roy Morgan,Roy Morgan,No,24/7/2020,11/7/2020,19/7/2020,9,Online/Phone,2589,,1.9,Respondent allocated,43.5,33.5,11,2.5,,9.5,,48.5,51.5,,,,,https://www.roymorgan.com/findings/8474-l-np-government-ahead-covid-19-second-wave-july-2020-202007240519,Preferences allocated by previous election preference flows: 51/49,,,
Roy Morgan,Roy Morgan,No,25/6/2020,13/6/2020,21/6/2020,9,Online/Phone,2593,,1.9,Respondent allocated,42.5,34.5,10.5,4,,8.5,,49.5,50.5,,,,,https://www.roymorgan.com/findings/8454-l-np-government-ahead-prior-to-eden-monaro-byelection-june-2020-202006250226,,,,
Roy Morgan,Roy Morgan,No,,16/5/2020,24/5/2020,9,Online/Phone,,,,Respondent allocated,44.5,33,11,3.5,,8,,47.5,52.5,,,,,https://www.roymorgan.com/morganpoll/federal-voting/primary-voting-intention-recent-2016-2022,Poll is reported in Roy Morgan data tables but there does not appear to be a corresponding detailed release from the time. Preferences allocated by previous election preference flows: 53/47,,,
Roy Morgan,Roy Morgan,No,28/4/2020,18/4/2020,26/4/2020,9,Online/Phone,2806,,1.9,Respondent allocated,43.5,33,11.5,3,,9,,48.5,51.5,,,,,https://www.roymorgan.com/findings/8389-l-np-government-support-jumps-as-australia-responds-to-covid-19-april-2020-202004280405,,,,
Roy Morgan,Roy Morgan,No,,28/2/2020,8/3/2020,10,Online/Phone,,,,Respondent allocated,36.5,36,11,4,,12.5,,53,47,,,,,https://www.roymorgan.com/morganpoll/federal-voting/primary-voting-intention-recent-2016-2022,Poll is reported in Roy Morgan data tables but there does not appear to be a corresponding detailed release from the time. Preferences allocated by previous election preference flows: 47.5/52.5,,,